index,composition,
1,Hg0.7Cd0.3Te,1
2,CuBr,1
3,LuP,1
4,Cu3SbSe4,1
5,ZnO,1
6,PtSb2,1
7,ZnIn2S4,1
8,K2Cd3Te4,1
9,K4Sn3Ce3S14,1
10,Pb6B2CrO12,1
11,InSb,1
12,Sr2Be2B2O7,1
13,K2CuNbS4,1
14,PrTe2,1
15,BAs,1
16,Ba4Ga4GeSe12,1
17,CuBr,1
18,HgSe,1
19,AgIn5Te8,1
20,Rb7Th2P6Se21,1
21,TlS,1
22,CdS,1
23,Al2Se3,1
24,In2GeTe3,1
25,BiSeBr,1
26,GaAs0.4P0.6,1
27,K2AuPS4,1
28,CsH3Se2O6,1
29,CsB3GeO7,1
30,Pb0.97Sn0.03Te,1
31,PtAs2,1
32,SnGa4S7,1
33,Si3N4,1
34,Gd1.05Sc0.95Se3,1
35,Cs2ZnGe3Se8,1
36,CeO2,1
37,KAgAsS2,1
38,Mn11Si19,1
39,SrTe,1
40,Pb0.97Se0.97Sn0.03Se0.03,1
41,LaCuOS,1
42,AlSb,1
43,Tl2AuPS4,1
44,Cs3Sn3F2Cl7,1
45,Cs1.13Cd1.13Bi2.87Se6,1
46,AgI,1
47,PtSb2,1
48,Hg0.1Zn0.9Te,1
49,TlBiTe3,1
50,CuCl,1
51,Pb0.92Sn0.08Se,1
52,CdSe,1
53,Cu3SbS4,1
54,GaAs,1
55,As2Te3,1
56,SrB6,1
57,GaN,1
58,Cd3As2,1
59,WO3,1
60,EuYb2Se4,1
61,Bi2Te2.4Se0.6,1
62,Ge0.3Si0.7,1
63,CuN3,1
64,CdP4,1
65,MnI2,1
66,InSb,1
67,TmAs,1
68,CdS,1
69,Ga0.3As0.3Zn0.7Se0.7,1
70,Cd4GdB3O10,1
71,Cd3P2,1
72,SmAs,1
73,RbSbS2,1
74,Na5GdMo4O16,1
75,Sr2V2Se3O15,1
76,UP2S7,1
77,GaAs,1
78,TaON,1
79,RbBr,1
80,PdSe2,1
81,Ba3EuP3O12,1
82,RbBr,1
83,SbSeI,1
84,KBiSe2,1
85,Bi0.4Te3Sb1.6,1
86,Na2TeSe3,1
87,Tl2Te3,1
88,Al0.74Gd3Si0.7S7,1
89,CsTbZnTe3,1
90,BaB6,1
91,La5In3S9O3,1
92,PbN6,1
93,GaN,1
94,CaO,1
95,Na2S,1
96,Rb2Cd3Te4,1
97,AgI,1
98,CdSe,1
99,SnSe,1
100,Rb2BaNb2Se11,1
101,TaZrN3,1
102,Ba3In2P4O16,1
103,In0.2P0.2Ga0.8As0.8,1
104,RbTa3Te2O12,1
105,GaTe,1
106,ZnO,1
107,Ag2SnS3,1
108,SnSe,1
109,Ba2GaErTe5,1
110,Na3MoO4Cl,1
111,K2Hg3Sn2S8,1
112,CdSb,1
113,GeSe,1
114,HfS3,1
115,Ga0.9Sb0.9Hg0.1Te0.1,1
116,InSb2S4Cl,1
117,GaS,1
118,PtS,1
119,AgS,1
120,Cs2P2Se8,1
121,Y4GaSbS9,1
122,Zn0.55S0.55Ga0.45P0.45,1
123,Zn0.95S0.95Ga0.05P0.05,1
124,Mg2Sn,1
125,Ga1.002Sb0.998Te0.006,1
126,CsF,1
127,KSbSe2,1
128,Ag3AsSe3,1
129,As2Se3,1
130,LiGaSe2,1
131,NbSe2,1
132,Rb2CsSb,1
133,OsS2,1
134,GeS,1
135,RuAs2,1
136,InSb0.99As0.01,1
137,Ga1.1Sb0.9Se0.3,1
138,Sm2S3,1
139,SiP,1
140,YbB66,1
141,Pb0.9Sn0.1Se,1
142,TlTiPS5,1
143,CsYbMnSe3,1
144,K10Fe4Sn4S17,1
145,Pb0.95Te0.95Ge0.05S0.05,1
146,BaSe,1
147,K4In4P6Se20,1
148,Pb0.94Sn0.06Te,1
149,Bi2Te0.45Se2.55,1
150,KNb3Te2O12,1
151,Cd4P2I3,1
152,Cr2S3,1
153,InSe,1
154,Sr0.5TaO3,1
155,Tb4GaSbS9,1
156,Na3Sb,1
157,B12P2,1
158,Dy2Te3,1
159,TiTlS2,1
160,Bi2S3,1
161,Ba2GaYTe5,1
162,Pb0.99Se0.99Sn0.01Se0.01,1
163,Tl2InGaSe4,1
164,NaLaS3,1
165,CsGe5BO12,1
166,Tl2.35Sb8.65Se14,1
167,SnS0.8Se0.2,1
168,Hg3PS4,1
169,Zn2In2S5,1
170,Cs2ZnGe3Te8,1
171,EuSb4S7,1
172,PbSe,1
173,Na0.75Eu1.625GeSe4,1
174,PbI2,1
175,ZnHg3Se2Cl4,1
176,EuBiW2O9,1
177,CsSb,1
178,Hg2I2,1
179,Rb3CdB5O10,1
180,Hg0.5Cd0.5Se,1
181,TlInSe2,1
182,TaGaSe2,1
183,Ir0.67Se2,1
184,Bi2Se3,1
185,La2Ge2Se7,1
186,Bi12GeO20,1
187,CaSnO3,1
188,Ba2Sb7O14H,1
189,GaS,1
190,Sr3EuP3O12,1
191,Zn0.15Cd0.85Se,1
192,CuCl,1
193,CsLuCoS3,1
194,BiSBr,1
195,CoP2,1
196,NaBr,1
197,Pb0.95Mn0.05Te,1
198,TlBr,1
199,Ba6Ga2SnSe11,1
200,La4Cd4In2S13,1
201,CsAg2AsS3,1
202,HgSe,1
203,MnO2,1
204,SbSI,1
205,CuSbSe2,1
206,Ce2Sn3Se9,1
207,Hg0.7Cd0.3Te,1
208,RuSe2,1
209,Na2Hg3Ge2S8,1
210,Hg4P2ZrCl6,1
211,Cs3Bi,1
212,RbCd4Ga5S12,1
213,GaSb,1
214,Cs4Cu3Bi9S17,1
215,SeTe,1
216,GaTe,1
217,La1.86Tb1.14Ga1.67S7,1
218,ZnSe,1
219,SrPbO3,1
220,Na7Co2O6,1
221,In0.99Al0.01P,1
222,PbSe0.99S0.01,1
223,Bi2Te2Se,1
224,Cu3NbSe4,1
225,Ba4LiGa5Se12,1
226,GaSe,1
227,Ag3SbS3,1
228,Ga0.4Al0.6P,1
229,Tl2Se,1
230,RbInTe3O8,1
231,K2RbSb,1
232,Ga2Te3,1
233,CdIn2Te4,1
234,PbO2,1
235,AgFeTe2,1
236,TlCl,1
237,ZnSe,1
238,Li2WTeO6,1
239,Nd2Se3,1
240,SbSeI,1
241,K3B6O10Cl,1
242,ZrSe3,1
243,Rb5BS4O16,1
244,KCuThS3,1
245,InSb0.3As0.7,1
246,Cu3AsS4,1
247,Pr2Te3,1
248,Eu3Sb4S9,1
249,Ba2V2Te2O11,1
250,Na2In2GeS6,1
251,AlSb,1
252,HgIn2Se4,1
253,Cd4V3Te3O15,1
254,AgAlS2,1
255,Rb2Cu2SnS4,1
256,TlBr,1
257,TlTaS3,1
258,CuGaTe2,1
259,Cu0.35Ga1.65S2.65,1
260,CdBiO2Cl,1
261,Ga2S3,1
262,Si30P16Te8,1
263,Ga1.01Sb0.99Se0.03,1
264,EuHo2Se4,1
265,HgSe,1
266,As2Te3,1
267,GaN,1
268,CuCl,1
269,Zn0.5Hg0.5Se,1
270,Mg3Sb2,1
271,GeSe,1
272,TaGaS2,1
273,Pb0.01Sn0.99Te,1
274,Pb0.8Sn0.2Se,1
275,SmTe,1
276,Ce2GeSe5,1
277,RbBiSe2,1
278,GaAs0.05Sb0.95,1
279,CrSb2,1
280,La2GeSe5,1
281,TlScTe2,1
282,GaS,1
283,CdSb,1
284,Sr2TiO4,1
285,Nb2O5,1
286,In6S7,1
287,Hg4P2HfCl6,1
288,PbSe,1
289,DyN,1
290,CsInTe3O8,1
291,Cu5Ta11O30,1
292,LiB3O5,1
293,LaF3,1
294,AlN,1
295,Zn2In2S5,1
296,K2Sb8Se3,1
297,CaS,1
298,CdSiAs2,1
299,IrP2,1
300,Ba3Bi2TeO9,1
301,As2Te3,1
302,NaNO2,1
303,Cs3As,1
304,CuInS2,1
305,SnS2,1
306,SbI3,1
307,RbI,1
308,PbSe0.5S0.5,1
309,Mn2P2Se6,1
310,Na2CdGe2Se6,1
311,KAg2PS4,1
312,Cu0.5Ga1.5S2.5,1
313,P2Se5,1
314,Na2BaSnS4,1
315,Pb4Ga5GeS12,1
316,CsAg5Te3,1
317,GaSb,1
318,TlBr,1
319,CdS,1
320,TlPTe,1
321,Pb0.94Se0.94Ge0.06Te0.06,1
322,BiI3,1
323,BaZnGeSe4,1
324,SiP2,1
325,Pb7Bi4Se13,1
326,Sr2Bi5.42La2.58S14,1
327,YbSnTe2,1
328,BaPrO3,1
329,CaS,1
330,As2S3,1
331,Dy2O3,1
332,AgGaGe5Se12,1
333,LaBeB3O7,1
334,Ba2GaSmTe5,1
335,Zn0.7S0.7Ga0.3P0.3,1
336,Na2EuGeSe4,1
337,AlSb,1
338,Li6Rb5B11O22,1
339,K9Bi13S24,1
340,MnO,1
341,KBaB5O9,1
342,FeI2,1
343,CdS,1
344,La3LuSe6,1
345,PrF3,1
346,NdIn3S6,1
347,AgS,1
348,NaSbSe2,1
349,Mg2Sn,1
350,NdFMoO4,1
351,CdSb,1
352,Ru2Ge3,1
353,ZnAs,1
354,Bi2YVO8,1
355,LiTaO3,1
356,CsYbCoSe3,1
357,K2Hg3Sn2S8,1
358,PbSe,1
359,Ho2HfS5,1
360,FeSi2,1
361,RbInSnS4,1
362,Ba2NdGaS5,1
363,Ga0.99P0.99Zn0.01Se0.01,1
364,EuLiH3,1
365,AgInSe2,1
366,Pb4Ga5GeSe12,1
367,Ba2InTaO6,1
368,Ca6Bi6O15,1
369,RbCd4Ga5Se12,1
370,Pb0.99Te0.99Ge0.01S0.01,1
371,Tl2Te3,1
372,CdTe,1
373,LiNbO3,1
374,LiInTe2,1
375,PtSb2,1
376,As2S3,1
377,SbSI,1
378,GaN,1
379,As2Te3,1
380,Zr6O,1
381,K6Nb2.97Ta1.03S25,1
382,Cu2MgSiS4,1
383,InAs,1
384,UP2S9,1
385,LiInS2,1
386,Sn3As2,1
387,InP,1
388,NaAsSe2,1
389,Ga0.4As0.4Zn0.6Se0.6,1
390,GaAs0.65Sb0.35,1
391,TaGaSe2,1
392,Mn11Si19,1
393,Mg2Sn,1
394,CdSe,1
395,NaSbTe2,1
396,Pb17O8Cl18,1
397,KH2PO4,1
398,Hg3PS3,1
399,ZnS,1
400,Cu2ZnGeSe4,1
401,Tb2GeS5,1
402,CI4,1
403,ZrS3,1
404,Ag3AsSe3,1
405,KI,1
406,Mg2Sn,1
407,Ce2Te3,1
408,Cs2Bi8.81La1.19S16,1
409,Cs2Ta2P2Se12,1
410,Tl3TaS4,1
411,Rb2Zn3Se4O12,1
412,CuIn3Se5,1
413,Tl2InGaTe4,1
414,Ga0.95Sb0.95Hg0.05Te0.05,1
415,SrZrS3,1
416,Cd4P2Br3,1
417,Ca3Ti2Si3O12,1
418,Bi2Mo2Se2O13,1
419,Cu2ZnSiS4,1
420,BiCuOS,1
421,CdGeAs2,1
422,Ga0.6Al0.4P,1
423,PtSb2,1
424,CsYTe3O8,1
425,Cu3SbS4,1
426,Ba23Ga8Sb2S38,1
427,CdF2,1
428,Nd2YbCuS5,1
429,Ba2HgS5,1
430,AgTe,1
431,ZnSe,1
432,Ag3AsS3,1
433,CuNbO3,1
434,In5Se6,1
435,CdIO4H,1
436,CuGa2S3.5,1
437,Pb0.97Sn0.03Te,1
438,Ba3ThSe7,1
439,Ag3AsS3,1
440,ZnYBiO4,1
441,Hg3Te2UCl6,1
442,PbGa4S7,1
443,MoO3,1
444,ErSe2,1
445,CuTlSe2,1
446,KAsSe2,1
447,SmCuOS,1
448,CsYZnSe3,1
449,LiB3O5,1
450,BiI3,1
451,InSb0.7As0.3,1
452,Bi0.2Te3Sb1.8,1
453,K2FeGe3Se8,1
454,GaS,1
455,Zn0.01Cd0.99Se,1
456,CuBr,1
457,KI,1
458,CuBr,1
459,Bi2Te0.6Se2.4,1
460,AlP,1
461,Bi2Te0.03Se2.97,1
462,RbCu4AsS4,1
463,ZnGeP2,1
464,YPdSb,1
465,GeSe,1
466,Pb0.94Se0.94Sn0.06Se0.06,1
467,LiNbO3,1
468,Sb2Te3,1
469,CdGeP2,1
470,KI,1
471,Hg0.01Cd0.99Se,1
472,MnSb2O4,1
473,Cu0.2Ga1.8S2.8,1
474,Cs2Ba3P4O14,1
475,LiRbCO3,1
476,SnSe,1
477,OsP4,1
478,Sb2Se3,1
479,Pb0.94Sn0.06Se,1
480,Rb4Ge3B6O17,1
481,Eu2Se3,1
482,ZnGeP2,1
483,CdGeAs2,1
484,GaSe,1
485,As2S3,1
486,GeS,1
487,CsBr,1
488,Cs3Bi2I9,1
489,Pb0.995TeGa0.005,1
490,Cd3P2,1
491,In0.9P0.9Ga0.1As0.1,1
492,As2S3,1
493,Na3Sb,1
494,Ca2SnS4,1
495,EuO,1
496,ZrO2,1
497,CsInSn2Se6,1
498,TlCl,1
499,RbGeB3O7,1
500,Cd0.01Te0.01Al0.99Sb0.99,1
501,CsGdZnTe3,1
502,LiGaO2,1
503,Ag2GeTe3,1
504,KTiPO5,1
505,AsI3,1
506,As4S4,1
507,RhSbTe,1
508,NaSbSe2,1
509,GaN,1
510,TlCr5S2Se6,1
511,K2AgIn3Se6,1
512,BaF2,1
513,ZnSnP2,1
514,Ga0.15As0.15Zn0.85Se0.85,1
515,CsGaSnSe4,1
516,Ca10Ge16B6O51,1
517,CdIn,1
518,Ba2InGdTe5,1
519,Rb3Ta2AsS11,1
520,HgIn2Te4,1
521,FeSi2,1
522,RbScSe2O6,1
523,BaIn2Se4,1
524,Ag2O,1
525,GeS,1
526,BaF2,1
527,TlBr,1
528,SrS,1
529,AsSI,1
530,CaTaO2N,1
531,Pb0.999Sn0.001Te,1
532,NaSb,1
533,NaAsSe2,1
534,AgAsS2,1
535,K3Bi2I9,1
536,ErTe,1
537,LiCdBO3,1
538,Na2ZnSn2S6,1
539,Ca2Sn,1
540,GeS2,1
541,Cu2ZnSiSe4,1
542,Sm2Te3,1
543,K3Ta2AsSe11,1
544,K4Nb2S11,1
545,SnGe,1
546,Mg2Sn,1
547,Zn0.43Cd0.57Se,1
548,LaH2NO5,1
549,TlS2,1
550,Bi2Te2.4Se0.6,1
551,Sr3BiP3O12,1
552,ZrSe2,1
553,BaIn2P4O14,1
554,La2NiVO6,1
555,TiO2,1
556,Sn0.5GaZn5.5O8,1
557,CdS,1
558,K2PbGe2S6,1
559,Rb4GeP4Se12,1
560,CsTa3Se2O12,1
561,Hg0.01Zn0.99Te,1
562,Ge0.02Si0.98,1
563,Cd4As2Br3,1
564,PbBiO2Cl,1
565,CuInSe2,1
566,CdSe,1
567,EuBi2Te4,1
568,La4InSbS9,1
569,ZnS,1
570,SbI3,1
571,YbIn3S6,1
572,GaAs,1
573,Ag8GeS6,1
574,Cs4GeP4Se12,1
575,AgN3,1
576,Sm1.82Lu2.18Se6,1
577,Si2Te3,1
578,LaMg2PdH7,1
579,SiAs,1
580,CsErZnSe3,1
581,GaSb,1
582,Pb2Nb2Se4O15,1
583,RbAg5P2S8,1
584,Ba2InYTe5,1
585,LiZnN,1
586,In0.7Al0.3P,1
587,CdSe,1
588,KTa3Te2O12,1
589,KI,1
590,TlSe,1
591,Zn3Sb2,1
592,LuIn3S6,1
593,Hg8As4Bi3Cl13,1
594,AgN3,1
595,PbI2,1
596,Na2Hg3Sn2S8,1
597,AgTlTe2,1
598,Pb3BiV3O12,1
599,K2Nd2Ti3O10,1
600,Pb0.99Sn0.01Te,1
601,Zn3As2,1
602,Na2Hg3S2.51Se1.49,1
603,BaIr2Ge4S6,1
604,Ba3GeS5,1
605,HgSe,1
606,EuSe,1
607,Tl4GaIn3S8,1
608,CaO,1
609,Li2B4O7,1
610,KI,1
611,K3CdB5O10,1
612,KSbS2,1
613,RbBr,1
614,Hg0.2Cd0.8Se,1
615,Pb0.85Sn0.15Se,1
616,Bi2Te2SO10,1
617,Hg0.06Zn0.94Te,1
618,ZnSe,1
619,KSm2CuS4,1
620,MgO,1
621,SnS0.25Se0.75,1
622,Rb9Bi13S24,1
623,La20Mo12O63Cl4,1
624,Bi3TeBO9,1
625,AgInSe2,1
626,Li2HgGeS4,1
627,In2Se3,1
628,PtSb2,1
629,FeAsS,1
630,Bi2O2CO3,1
631,Ge0.774Si0.226,1
632,Cu2CdGeS4,1
633,Ba2V4Te3O18,1
634,CuP2,1
635,Pb0.999Sn0.001Te,1
636,TlInSe2,1
637,Mg2Sn,1
638,K2AuI5O15,1
639,CuI,1
640,NbIrSn,1
641,Pb0.85Sn0.15Te,1
642,CdIn30Te46,1
643,CoPS,1
644,CsLaHgSe3,1
645,La6Sb4S3O12,1
646,Hg0.14Zn0.86Te,1
647,As2Se3,1
648,InP,1
649,TlPS2,1
650,Bi3Se2NO11,1
651,Pb0.65Se0.65Sn0.35Te0.35,1
652,FeSi2,1
653,GaAs0.2Sb0.8,1
654,In2Se3,1
655,Ni2Te3O8,1
656,LiSbTe2,1
657,Sr4V2Se6O21,1
658,LiBiS2,1
659,Hg7.5As4Cl6,1
660,KH2PO4,1
661,RbCdB3O6,1
662,Rb3Ag9P4S16,1
663,KZn4B3O9,1
664,AlP,1
665,CaS,1
666,InAs,1
667,Sr8Ga16Ge30,1
668,BiSBr,1
669,In2P3B1O12,1
670,InSe,1
671,Cs2PdSe8,1
672,Sb8O11I2,1
673,Ga0.01Sb0.01Zn0.99Te0.99,1
674,ScPdSb,1
675,Bi2Se3,1
676,RbCd4Ga5Te12,1
677,CuGaS2,1
678,InP,1
679,Ba3Nb2Se9,1
680,GaAs,1
681,Pb0.9Mn0.1Te,1
682,As2S3,1
683,Rb2GeB4O9,1
684,InSb0.1As0.9,1
685,CdSnAs2,1
686,CdS,1
687,Tl2SeAs2Te3,1
688,LiSm3SiS7,1
689,Pb0.9Se0.9Bi0.2Te0.3,1
690,GaSb,1
691,Pt0.97S2,1
692,ThOTe,1
693,CdSb,1
694,ZnO,1
695,CsInSnS4,1
696,CdTe,1
697,PbGa2S4,1
698,PbTe,1
699,Pb0.99Se0.99Ge0.01Te0.01,1
700,Cs2ZnGe3S8,1
701,CuCl,1
702,Zn2MoSeO7,1
703,Pb0.01Sn0.99Te,1
704,Ga2Se3,1
705,Tb4Al2O9,1
706,Li2HgGe,1
707,CsAu,1
708,In0.5Al0.5P,1
709,PtS,1
710,Ba2SmTaO6,1
711,CeBiW2O9,1
712,Bi9O7.5S6,1
713,SbTeI,1
714,Rb2Cd3B16O28,1
715,K2Ta15O32,1
716,CdSe,1
717,Hg0.14Zn0.86Te,1
718,CdSb,1
719,Li2ZnSnS4,1
720,EuYb2S4,1
721,Rb2CuNbSe4,1
722,ZnTe,1
723,CsB3O5,1
724,SrTiO3,1
725,Pb0.9Ge0.1Te,1
726,Cu2Se,1
727,EuBi2Se4,1
728,Rb3Nb2AsSe11,1
729,KTi2F7,1
730,TlSbS2,1
731,Mn11Si19,1
732,TlSe,1
733,Cd4LuB3O10,1
734,VO2,1
735,Cu0.8Ga1.2Se2.2,1
736,CdIn2Se4,1
737,Bi38ZnO58,1
738,KI,1
739,Na2Hg3Si2S8,1
740,GaS,1
741,RhSSe,1
742,SrPr2S4,1
743,CsAsSe2,1
744,GaAs0.86Sb0.14,1
745,PrFMoO4,1
746,Ge0.9355Si0.0645,1
747,PtAs2,1
748,CsYCdSe3,1
749,Cd4As2I3,1
750,AgInSe2,1
751,Ga0.4Al0.6As,1
752,Sc2S3,1
753,Zn0.85Hg0.15Se,1
754,CdIn2Te4,1
755,HgO,1
756,Zn0.01S0.01Ga0.99P0.99,1
757,Sb2S3,1
758,Tb2Mo3O12,1
759,GaSe,1
760,TaGaSe2,1
761,HfSe2,1
762,Ag2GeSe3,1
763,Rb3Bi2I9,1
764,CuInTe2,1
765,Cd0.55Te0.55Al0.45Sb0.45,1
766,AlSb,1
767,Hg2Cl2,1
768,Ag4Ba6Sn4S16,1
769,Nd2Te3,1
770,Ba2GaGdTe5,1
771,Mn3Ta2O8,1
772,RuSb2,1
773,Cs3Sb,1
774,Li2GaGe2Se6,1
775,GaSe,1
776,Gd2Se3,1
777,Rb2Cu2Sn2S6,1
778,LiI,1
779,Eu3S4,1
780,ZnSe,1
781,RbBr,1
782,AlP,1
783,BaHgS2,1
784,BaB2O4,1
785,Li9Ga13Te21O66,1
786,BiSb0.15,1
787,Ag0.1Cd0.8In2.1Te4,1
788,In2As2O5Cl2,1
789,CdTlS2,1
790,Cd3As2,1
791,InSb,1
792,Eu2O3,1
793,TlInS2,1
794,Na2PtI6O18,1
795,K6Nb1.07Ta2.93S22,1
796,OsSbTe,1
797,AlSb,1
798,SnS,1
799,Ag2O,1
800,InN,1
801,YVTeO10,1
802,PtSb2,1
803,Bi1.4Te3Sb0.6,1
804,KPbPO4,1
805,SiSe2,1
806,Na2Zn3Se4O12,1
807,PbTe0.05Se0.95,1
808,In4Te3,1
809,CsBiS2,1
810,Ba4CuInSe6,1
811,SrSnO3,1
812,VO2,1
813,Tl3VS4,1
814,CuCl,1
815,Na2Be4B4O11,1
816,Ce2S3,1
817,RhP2,1
818,Ga0.99As0.99Zn0.01Se0.01,1
819,Cd3As2,1
820,CuI,1
821,Sb2Se3,1
822,Ce2Ge2Se7,1
823,ZnAs2,1
824,NaBiS2,1
825,ZnO,1
826,Hg0.25Zn0.75Te,1
827,As2Te3,1
828,Eu7Ga6Sb8,1
829,ZnS,1
830,SmBiW2O9,1
831,CrSi2,1
832,PbS,1
833,Ga0.99Sb0.99Hg0.01Te0.01,1
834,YPtSb,1
835,ZnSe,1
836,OsSbS,1
837,CdS,1
838,Sb2S3,1
839,K4GeP4Se12,1
840,AgBiSe2,1
841,CsInS2,1
842,In0.3As0.3Ga0.7P0.7,1
843,NaAsSe2,1
844,TlCl,1
845,Cs2AgBiCl6,1
846,CdSnP2,1
847,CuGaS2,1
848,Ba2GaBiTe5,1
849,Ca3B2N4,1
850,BaUSe3,1
851,Sb2Se3,1
852,SmIn3S6,1
853,ZnIn2S4,1
854,Cu0.5Pb1.75GeS4,1
855,ZnTe,1
856,PAs,1
857,FeAsSe,1
858,Sb2O3,1
859,KInGeS4,1
860,Ba2SnSe5,1
861,ZrS3,1
862,Mn15Si26,1
863,Pb0.94Se0.94Sn0.06Se0.06,1
864,Hg0.9Cd0.1Se,1
865,HoN,1
866,Zn3Sb2,1
867,Cu0.2Ga1.8Se2.8,1
868,Rb2CdP2Se6,1
869,Pb0.92Se0.92Sn0.08Te0.08,1
870,Ag3SbS3,1
871,Cs2Hg4.65Cd1.35S7,1
872,TiSe2,1
873,In0.7P0.7Ga0.3As0.3,1
874,SnI2,1
875,GaS,1
876,Bi2Te1.5Se1.5,1
877,Pb0.85Se0.85Ge0.15S0.15,1
878,NaI,1
879,OsP2,1
880,CdSiP2,1
881,Na2In4SSe6,1
882,CuAlSe2,1
883,Cu3YbS3,1
884,RbSbTe2,1
885,Pb3BiP3O12,1
886,Ce8Sb2S15,1
887,Ba2Ca2B4O10,1
888,ZnSb,1
889,K2AgVS4,1
890,BaCuSbSe3,1
891,GaHSeO4,1
892,GaSe,1
893,Ga0.75As0.75Zn0.25Se0.25,1
894,ZnS,1
895,RbBiSe2,1
896,GeSe2,1
897,Cu0.4Ga1.6S2.6,1
898,ZnTe,1
899,ZnTe,1
900,Cs3Nb9Te4O32,1
901,Cd5Ga2S2Te6,1
902,AgSbS2,1
903,In0.01P0.01Ga0.99As0.99,1
904,BiCuOSe,1
905,Cu4Sn7S16,1
906,ZnTe,1
907,Ce1.3Lu0.7S3,1
908,InP,1
909,LiGaS2,1
910,Ag2.7Ba6Sn4.3S16,1
911,Sm2YbCuS5,1
912,Pb0.85Sn0.15Se,1
913,K2Hg3Ge2S8,1
914,CsScSe2O6,1
915,CdTe,1
916,GaN,1
917,La2HfS5,1
918,PbSe,1
919,Ba2B4O9H2,1
920,ZrSe3,1
921,Cu2Se,1
922,CdGa2Se4,1
923,InN,1
924,AgAsS2,1
925,SnS0.01Se0.99,1
926,Mg3Sb2,1
927,ZrC,1
928,NaI,1
929,CdSnP2,1
930,PtS,1
931,TaGaS2,1
932,CsBiS2,1
933,ZnSe,1
934,Sr2ScSbO6,1
935,CdGa2S4,1
936,KBiSe2,1
937,HgTe,1
938,La3FMo4O16,1
939,TlN3,1
940,Sb2Se3,1
941,VO2,1
942,Cs4Th2P6S18,1
943,Mg2Si,1
944,CsSbTe2,1
945,Ga0.6In0.4As,1
946,In0.99As0.99Cd0.01Te0.01,1
947,Ga0.5In0.5As,1
948,PbSe,1
949,RbBi3Se5,1
950,TbIn3S6,1
951,PbCoO3,1
952,KSbSe2,1
953,RbH2I3O9,1
954,EuN,1
955,CuAlTe2,1
956,Bi2Te0.3Se2.7,1
957,La2Se3,1
958,Tl3VS4,1
959,Na2Ti3O7,1
960,Pb0.995TeIn0.005,1
961,CdSe,1
962,In0.9As0.9Ga0.1P0.1,1
963,RbCaBO3,1
964,CuInS2,1
965,ZnO,1
966,Cu0.5Ga1.5Se2.5,1
967,KGaSe2,1
968,KIO3,1
969,Ga0.9Sb0.9Zn0.1Te0.1,1
970,PdTe2,1
971,Zn3B2O6,1
972,CuGaSe2,1
973,RbNb3Te2O12,1
974,Tl2S,1
975,ZnS,1
976,CdAs2,1
977,LiGaSe2,1
978,CdSe,1
979,GaTc,1
980,CdIn2S4,1
981,GaAs,1
982,AlSb,1
983,Pb0.85Sn0.15Te,1
984,Pb0.77Sn0.23Te,1
985,CdSiP2,1
986,K2Se,1
987,SbSI,1
988,In6Se7,1
989,Sb2Se3,1
990,InP,1
991,GaAs0.8P0.2,1
992,Bi24BO39,1
993,Cu2MgGeS4,1
994,BaGa2GeS6,1
995,K10Co4Sn4S17,1
996,PbS,1
997,K2.15Pb1.7Sb8.15Se15,1
998,Hg6.5As4CdCl6,1
999,PbS,1
1000,CdS,1
1001,CsAsSe2,1
1002,TlCr5S5Se3,1
1003,AgSbTe2,1
1004,NaInTe2O6,1
1005,CdS,1
1006,Pb3Cl4TeO3,1
1007,Na0.5Pb1.75GeS4,1
1008,LiAsS2,1
1009,Cs4Ag9Sb4S12,1
1010,CuGa3Se5,1
1011,RuP2,1
1012,InSb,1
1013,ZnO,1
1014,AgGaS2,1
1015,CaI2,1
1016,GaAs0.99P0.01,1
1017,PbTe,1
1018,Nd2O3,1
1019,GeO2,1
1020,Hg0.77Cd0.23Te,1
1021,RbPbPO4,1
1022,Li2MoTeO6,1
1023,CuIn3Te5,1
1024,LiGd5P2O13,1
1025,AgS,1
1026,Li2HgSiS4,1
1027,InN,1
1028,CdSb,1
1029,EuTb2Se4,1
1030,As2S3,1
1031,GaSe,1
1032,CdGa2Se4,1
1033,CdSiAs2,1
1034,KBiCu2S3,1
1035,PbSe,1
1036,ZnIn2Se4,1
1037,InSe,1
1038,In2Bi3Se7I,1
1039,SbSBr,1
1040,Pb0.99TeIn0.01,1
1041,K2MnSnSe4,1
1042,IrSe2,1
1043,VFeSb,1
1044,LaGaS3,1
1045,CsBi2,1
1046,PbSnS3,1
1047,GeSe,1
1048,CaTe,1
1049,ZnIn2Se4,1
1050,RbNbSe2O7,1
1051,HgIn2Te4,1
1052,CdS0.55Se0.45,1
1053,K2S,1
1054,Zn0.99Hg0.01Se,1
1055,Tl4CdI6,1
1056,Cu0.1In1.9Se2.9,1
1057,PbTe,1
1058,BaSe,1
1059,HgBr2,1
1060,Cd3P2,1
1061,Ga1.1Sb0.9Te0.3,1
1062,Ag2O,1
1063,Cd3Sb2,1
1064,CsTm9Cd4Se18,1
1065,Bi2Te0.4Se2.6,1
1066,EuTe,1
1067,NaYTe4O10,1
1068,K2La2Ti3O10,1
1069,Pb0.99Ge0.01Se,1
1070,TlInTe2,1
1071,Pb0.9Se0.9Ge0.1S0.1,1
1072,K2Mo2Se2O11,1
1073,ZnIn2S4,1
1074,PbBr2,1
1075,As2S5,1
1076,LaCuOSe,1
1077,NaH3Se2O6,1
1078,IrSSe,1
1079,GaAs,1
1080,GeS,1
1081,MgO,1
1082,SbSI,1
1083,GaN,1
1084,Cu2ZnSiTe4,1
1085,OsAs2,1
1086,CdTeO3,1
1087,Pb0.85Sn0.15Te,1
1088,KIO3,1
1089,Hg4As2UCl6,1
1090,RhS3,1
1091,AgNb2PS10,1
1092,ZnS,1
1093,Sm3S3BO3,1
1094,GdScS3,1
1095,In6S7,1
1096,EuIn2Se4,1
1097,Cs2AgBiBr6,1
1098,Pb0.9Sn0.1Se,1
1099,PbS,1
1100,LiGaTe2,1
1101,CdSiP2,1
1102,OsSb2,1
1103,CeTaN2O,1
1104,Ag3AsS3,1
1105,Ce4InSbSe9,1
1106,CdS,1
1107,YN,1
1108,CdSnP2,1
1109,TbClWO4,1
1110,CdIn2Se4,1
1111,LiAsSe2,1
1112,RbCl,1
1113,ZnAs2,1
1114,CoSb2,1
1115,SnS0.99Se0.01,1
1116,BaPdI4O12,1
1117,Fe2O3,1
1118,Hg0.2Zn0.8Te,1
1119,Ge0.88Si0.12,1
1120,GaSe,1
1121,NaSbP2S6,1
1122,K2Ge3B2O10,1
1123,Bi2S3,1
1124,Pr2GeSe5,1
1125,SrTiO3,1
1126,Ag3SbS3,1
1127,As2S3,1
1128,As2S3,1
1129,Rb2CuVS4,1
1130,Rb4Mo5P2O22,1
1131,InAs,1
1132,Ag3SbS3,1
1133,K2CuVS4,1
1134,GaAs,1
1135,Cu3TbSe3,1
1136,Sm2Se3,1
1137,AgInS2,1
1138,Cs4Cu3Bi9S17,1
1139,LiB3O5,1
1140,Bi2V2Se4O16,1
1141,Mg2GeSe4,1
1142,CdIn2Se4,1
1143,In0.99P0.99Ga0.01As0.01,1
1144,CdS,1
1145,NaBr,1
1146,CdGeAs2,1
1147,OsSb2,1
1148,GaAs0.01Sb0.99,1
1149,BiBr3,1
1150,Ga0.99Al0.01P,1
1151,CdSb,1
1152,ReSe2,1
1153,EuS,1
1154,Pb2BO3Cl,1
1155,Pb0.96TeIn0.04,1
1156,CsInSe2,1
1157,In0.6As0.6Ga0.4P0.4,1
1158,Ga0.5As0.5Zn0.5Se0.5,1
1159,Na2CsSb,1
1160,TlInS2,1
1161,ZnIn2Te4,1
1162,Ag3AsSe3,1
1163,K10Co4Sn4S17,1
1164,OsPS,1
1165,CuGa1.6In0.4S3.5,1
1166,Cu3SmS3,1
1167,ZnGeAs2,1
1168,InSb0.01As0.99,1
1169,Gd2Mo3O12,1
1170,PbBr2,1
1171,Ba2BiInS5,1
1172,BiFeSe3O9,1
1173,Cu2CdSnSe4,1
1174,Li3ScN2,1
1175,InBi2Se4Br,1
1176,GeS2,1
1177,Pb0.999TeIn0.001,1
1178,CuSbS2,1
1179,CaO,1
1180,LiMoIO6,1
1181,Hg0.9Cd0.1Se,1
1182,Pb0.8Ge0.2Se,1
1183,TlSbS2,1
1184,Cs2Hg3I8,1
1185,Ba2InSmSe5,1
1186,SbSeBr,1
1187,K2Al2B2O7,1
1188,PbTe,1
1189,CuInS2,1
1190,AlSb,1
1191,Zn0.9S0.9Ga0.1P0.1,1
1192,Ag2O,1
1193,Sb2Te3,1
1194,CsHgInS3,1
1195,Ge0.542Si0.458,1
1196,CuInTe2,1
1197,HgGa2Se4,1
1198,Sr3Ti2O7,1
1199,RuTe2,1
1200,CdTe,1
1201,CuInGeSe4,1
1202,GeTe2,1
1203,Zn3V2TeO10,1
1204,Zn3As2,1
1205,K2Hg3S1.03Se2.97,1
1206,NaSbP2S6,1
1207,InSb,1
1208,YNiSb,1
1209,NaAsSe2,1
1210,PbI2,1
1211,As2S3,1
1212,RbMn4Ga5Te12,1
1213,Cs2Hg5.75Cd0.25S7,1
1214,NiO,1
1215,CsI,1
1216,Se2B2O7,1
1217,Cd3P2,1
1218,SiTe2,1
1219,Cs2PdP2Se6,1
1220,Cu2SnSe3,1
1221,LaCuOTe,1
1222,BaSi2,1
1223,K2CeP2O8,1
1224,GaAs0.6P0.4,1
1225,Li2HgSnS4,1
1226,NaCl,1
1227,CdIn2S4,1
1228,Pb0.95Ge0.05Te,1
1229,InN,1
1230,KI,1
1231,As2Te3,1
1232,BSb,1
1233,CrO3,1
1234,CsBiSe2,1
1235,Mg3As2,1
1236,CsCu2SbS3,1
1237,AsI3,1
1238,Hg2Cl2,1
1239,Bi2Cu0.96Se3I,1
1240,CdS0.01Se0.99,1
1241,NaAsSe2,1
1242,TlSe,1
1243,Rb4Ag9Sb4S12,1
1244,AgIn9Te14,1
1245,Ba2SnSe4,1
1246,SnS,1
1247,BiOCl,1
1248,ZnO,1
1249,TiNiSb,1
1250,ZnS,1
1251,Cu0.01Ga1.99Se2.99,1
1252,Cu0.5In1.5Se2.5,1
1253,Na8Al8Si38,1
1254,AgI,1
1255,Cu0.3Ga1.7S2.7,1
1256,Ge2Sb2Te5,1
1257,CsPbPO4,1
1258,KH3Se2O6,1
1259,PdPAs,1
1260,K2Sm2Ti3O10,1
1261,Sn2WO5,1
1262,Pb0.95Se0.95Sn0.05Se0.05,1
1263,Ga2O3,1
1264,SnSe2,1
1265,Ga2O3,1
1266,RbBiS2,1
1267,NdB6,1
1268,GaAs0.5P0.5,1
1269,CsZn4In5Te12,1
1270,NiP2,1
1271,CsYbMnSe3,1
1272,Ba4AgGa5S12,1
1273,KInS2,1
1274,Ag2HgI4,1
1275,K10Zn4Sn4S17,1
1276,Gd1.87Lu2.13Se6,1
1277,Cs2SnP2Se6,1
1278,PdPS,1
1279,HgPS3,1
1280,AgInSe2,1
1281,CoTe1.88,1
1282,SrIr4In2Ge4,1
1283,NaSbF6,1
1284,CdIn8Te13,1
1285,Cu3GdTe3,1
1286,RbI,1
1287,Cu0.99In1.01Se2.01,1
1288,In0.5Ga0.5P,1
1289,Ge0.9Si0.1,1
1290,EuO,1
1291,TlGaSe2,1
1292,NaCl,1
1293,In4Se3,1
1294,CsErZnSe3,1
1295,InSe,1
1296,NaGaGe3Se8,1
1297,Bi3F3I4O13,1
1298,Pb0.94Sn0.06Se,1
1299,SnSe,1
1300,Cu3HoSe3,1
1301,RbInGeS4,1
1302,Cu2Se,1
1303,AgF,1
1304,KSbSe2,1
1305,Cu2Ga4Te7,1
1306,Sm2Sc3,1
1307,ZnO,1
1308,CdSnAs2,1
1309,Cd4As2I3,1
1310,WSe2,1
1311,Ba3B1.5S6Bi0.5,1
1312,Hg2Br2,1
1313,CdSb,1
1314,GaN,1
1315,BaSnO3,1
1316,Cs8Ga8Si38,1
1317,Ca5B3O9F,1
1318,BiOI,1
1319,PrO,1
1320,In6Se7,1
1321,SnS0.01Se0.99,1
1322,TlBr,1
1323,Hg6As4CdBr6,1
1324,YB66,1
1325,Bi3Ge3O10.5,1
1326,CrO2,1
1327,Pb0.98Se0.98Bi0.04Te0.06,1
1328,Cs3Bi,1
1329,V2O5,1
1330,GdB6,1
1331,La2S3,1
1332,Zn3As2,1
1333,Li4.5Mn0.5TeO6,1
1334,Rb2Te,1
1335,InSb0.4As0.6,1
1336,Ce3MoO7,1
1337,Pd3P2S8,1
1338,BaTiO3,1
1339,Cs2TiAg2S4,1
1340,InP,1
1341,Ga0.1As0.1Zn0.9Se0.9,1
1342,Zn3As2,1
1343,Ag0.4Cd0.2In2.4Te4,1
1344,PbS,1
1345,Y3GaS6,1
1346,Sc2O3,1
1347,Y6ZnSi2S14,1
1348,Tl2Cu2SnS4,1
1349,Ba3MgTa2O9,1
1350,Na3ZnB5O10,1
1351,LiBiS2,1
1352,GaAs,1
1353,KNbSe2O7,1
1354,NiP2,1
1355,ZnO,1
1356,GaSe,1
1357,CdGeAs2,1
1358,InS,1
1359,Nd2S3,1
1360,HfO2,1
1361,Rb2TiAg2S4,1
1362,AgInSe2,1
1363,La3InGe0.5S7,1
1364,Ba2InYSe5,1
1365,Pb0.8Se0.8Bi0.4Te0.6,1
1366,Pb6Sb6Se17,1
1367,Ba2GaBiSe5,1
1368,GaSe,1
1369,As2S3,1
1370,As2S3,1
1371,CdSe,1
1372,K2Cu2Sn2Se6,1
1373,ErN,1
1374,As2Se3,1
1375,TlCuCl3,1
1376,Er2Mo3O12,1
1377,Ba4Ge3Se9Cl2,1
1378,CuPbBiSe3,1
1379,Eu3As2,1
1380,HgCl2,1
1381,SrO,1
1382,Zn3As2,1
1383,TlSe,1
1384,AgInO2,1
1385,BaPdSe6,1
1386,AgS,1
1387,Cu3HoTe3,1
1388,ZnTe,1
1389,SbI3,1
1390,K4Ba2Nb4S22,1
1391,SnSi,1
1392,CoSbS,1
1393,InAs,1
1394,Pb0.999TeTl0.001,1
1395,Ge40.0Te5.3I8,1
1396,AlSb,1
1397,Ag3AsSe3,1
1398,Cs2Cd3Te4,1
1399,PdI2O6,1
1400,Ba3BSbS6,1
1401,Ba2GaNdSe5,1
1402,ZnGeP2,1
1403,K2CuGa3Se6,1
1404,CdSiAs2,1
1405,NaBiSe2,1
1406,Bi2Te2.1Se0.9,1
1407,Ta0.67Zr1.33O1.38N1.97,1
1408,Cd8B5O15F,1
1409,As2Te3,1
1410,Hg0.08Zn0.92Te,1
1411,TlHgInS3,1
1412,KTiPO5,1
1413,RbI,1
1414,GaS,1
1415,EuIn2Te4,1
1416,As2S3,1
1417,Tb2O3,1
1418,LiGaS2,1
1419,K2TiCu2S4,1
1420,KAu5PS8,1
1421,GaAs,1
1422,Tl4Ta2S11,1
1423,Er3SmSe6,1
1424,Pb0.6Ge0.4Te,1
1425,ZnS,1
1426,CrTe2,1
1427,CuCl,1
1428,PbS,1
1429,Bi2O3,1
1430,Cu0.9Ga1.1Se2.1,1
1431,CuFeTe2,1
1432,NdF3,1
1433,Pb0.85Se0.85Sn0.15Se0.15,1
1434,Hg0.4Cd0.6Se,1
1435,AgAsTe2,1
1436,SbSi,1
1437,GaAs,1
1438,Hg4As2CdI4,1
1439,Cu0.9In1.1Se2.1,1
1440,Cs4BiAs3Se7,1
1441,SrMgSnSe4,1
1442,Pb2BO4H,1
1443,K4Nb2S11,1
1444,LiAsSe2,1
1445,K2Sn3Sb2S10,1
1446,NaSbS2,1
1447,CuCl,1
1448,LiCa3As2H,1
1449,PbO2,1
1450,Pb0.8Sn0.2Se,1
1451,La2Se3,1
1452,ZnO,1
1453,CdS,1
1454,GeSn,1
1455,Bi1.6Te3Sb0.4,1
1456,GdN,1
1457,AgInS2,1
1458,Lu2CrS4,1
1459,MnF2,1
1460,CuGa2Se4,1
1461,La8Sb2S15,1
1462,Zn3Sb2,1
1463,NaCl,1
1464,Ag5IO6,1
1465,UY4O3S5,1
1466,Ta0.67Zr1.33O0.42N2.61,1
1467,InSe,1
1468,GeS,1
1469,Tl2GeTe3,1
1470,ZnGeP2,1
1471,Zn2LiGaO4,1
1472,BiIO3F2,1
1473,TlSbTe3,1
1474,Ba3B1.5S6Sb0.5,1
1475,GeSe2O6,1
1476,Pb0.87Sn0.13Se,1
1477,Cu3AsSe4,1
1478,AgTe,1
1479,Cd3Bi2,1
1480,RbBi3Se4Te,1
1481,DyAs,1
1482,Bi25TiO39,1
1483,Rb2TeBr6,1
1484,In2Se,1
1485,GeAs,1
1486,YVSeO10,1
1487,InSb,1
1488,KCu4AsS4,1
1489,K2ZnSn3S8,1
1490,B2O3,1
1491,As2S3,1
1492,PdS2,1
1493,GaS,1
1494,AgScO2,1
1495,ZnIn2S4,1
1496,CdSiP2,1
1497,CdGeAs2,1
1498,Gd2Mo3O12,1
1499,PbS,1
1500,AgGaTe2,1
1501,ScTiNbO6,1
1502,La3Sb0.33SiS7,1
1503,Cd4Sb2I3,1
1504,Ga2GeTe3,1
1505,Pb0.99Sn0.01Se,1
1506,GaAs0.15Sb0.85,1
1507,LiInS2,1
1508,Cu0.7In1.3Se2.3,1
1509,PbSe,1
1510,Ga0.95Sb0.95Cd0.05Te0.05,1
1511,Cu0.3In1.7Se2.7,1
1512,Cu0.15Ga1.85Se2.85,1
1513,GeO2,1
1514,CsYHgSe3,1
1515,Pr2Se3,1
1516,SiSe2,1
1517,Pb2N2SeO9,1
1518,Pb0.94Sn0.06Se,1
1519,Tl2BiP2S7,1
1520,SnS0.4Se0.6,1
1521,GeS,1
1522,Pb0.999Se0.999Sn0.001Se0.001,1
1523,In2Se2O7,1
1524,NH6PO4,1
1525,In2Se3,1
1526,SiSe2,1
1527,NaInSnS4,1
1528,Cs2TeBr6,1
1529,K0.6Cs0.4PSe6,1
1530,Ca2Ge,1
1531,Ba2ZnTe3,1
1532,Zn2In2S5,1
1533,CuGaO2,1
1534,Ni2InVO6,1
1535,PrB6,1
1536,Rb2Mo3Se3O16,1
1537,CdS,1
1538,RbInS2,1
1539,Ga1.001Sb0.999Se0.003,1
1540,BaGa4S7,1
1541,CuIn3Te5,1
1542,LiMgAs,1
1543,InSb,1
1544,Ba2ZnV2O8,1
1545,TlSe,1
1546,Bi2SI2O11,1
1547,Pb0.99Ge0.01Te,1
1548,ZrSe3,1
1549,ZnTe,1
1550,ZnSb,1
1551,Rb2AgPS4,1
1552,BaCu2SnSe4,1
1553,BiPO4,1
1554,Na2Se,1
1555,InAs,1
1556,La4FeSb2S10,1
1557,GdSb2BO8,1
1558,SbSeI,1
1559,SiSn,1
1560,Ba2Ga8SiS16,1
1561,PbS,1
1562,RbI,1
1563,Cu3AsS4,1
1564,Ag3SbS3,1
1565,K2Cu2Sn2S6,1
1566,Sb2Te3,1
1567,Zn0.8Hg0.2Se,1
1568,EuO,1
1569,Ag2V2I4O16,1
1570,GaAs0.1P0.9,1
1571,HgO,1
1572,NaNb2PS10,1
1573,CuGa3Se5,1
1574,Zn2MoTeO7,1
1575,TlInS2,1
1576,ScTa2O5N,1
1577,AgInS2,1
1578,CdAs2,1
1579,Ag0.25Cd0.5In2.25Te4,1
1580,In6S7,1
1581,TbSb2BO8,1
1582,TlPrSe2,1
1583,BaGa2SnSe6,1
1584,GeSe2,1
1585,ZnO,1
1586,ZnTe,1
1587,In2Se3,1
1588,Ag2SnSe3,1
1589,AgGaSe2,1
1590,CdSnAs2,1
1591,InSb0.5As0.5,1
1592,B4C,1
1593,GdH2NO5,1
1594,Cu2GeSe3,1
1595,TlCl,1
1596,GaAs0.7Sb0.3,1
1597,PbI2,1
1598,ZnO,1
1599,GaN,1
1600,PdO,1
1601,Tl2TeS3,1
1602,AgFeTe2,1
1603,GeS2,1
1604,ZnS,1
1605,CaPr2S4,1
1606,Hg0.1Cd0.9Se,1
1607,InP,1
1608,InSb,1
1609,Ba2BiGaS5,1
1610,Cd3As2,1
1611,Bi24VO41,1
1612,V2O4,1
1613,SnS,1
1614,Pr1.29Lu0.71S3,1
1615,AgAsSe2,1
1616,TlInSe2,1
1617,InAs,1
1618,TaGaSe2,1
1619,AlN,1
1620,Sr8.007Ge2.043Bi7.949Se24,1
1621,Zr3O,1
1622,In0.4As0.4Ga0.6P0.6,1
1623,TlCr5S8,1
1624,Cu3TbTe3,1
1625,Na2CdGe2S6,1
1626,La2Ga2GeS8,1
1627,CsLuCoS3,1
1628,La2MoO5,1
1629,Ba7B3O9F5,1
1630,Ag2GeSe3,1
1631,In2Se,1
1632,Ge0.4Si0.6,1
1633,CdIn2Te4,1
1634,BaTaO2N,1
1635,SnS0.25Se0.75,1
1636,Ag3AsS3,1
1637,Ge0.838Si0.162,1
1638,DyPO4,1
1639,HoIn3S6,1
1640,Ag2S,1
1641,PbTe,1
1642,Hg0.99Cd0.01Se,1
1643,PbTe0.99Se0.01,1
1644,GaBi,1
1645,PrTe2,1
1646,CsInGeSe4,1
1647,ZnSe,1
1648,RbNb4Br11,1
1649,CuP2,1
1650,SnSe,1
1651,PbSe0.95S0.05,1
1652,CsI,1
1653,K3Ti2P5S18,1
1654,Ba3FeS4Br,1
1655,CdP4,1
1656,PrIn3S6,1
1657,SiAs2,1
1658,ZnIn2Te4,1
1659,Eu3Sb4Se9,1
1660,MgGeN2,1
1661,Ca4Bi6O13,1
1662,PrCuOS,1
1663,Cu0.05Ga1.95S2.95,1
1664,H6PtI6O20,1
1665,TlBr,1
1666,Hg0.77Cd0.23Te,1
1667,PbTe,1
1668,Cu2WSe4,1
1669,SnTe,1
1670,Li2In2SiSe6,1
1671,In0.3P0.3Ga0.7As0.7,1
1672,GaAs0.2P0.8,1
1673,RbCd4In5Se12,1
1674,Sm3Te4,1
1675,YbSb4Te7,1
1676,CsLiB6O10,1
1677,DyN,1
1678,Li6Mo6Se6O33,1
1679,Zn0.85S0.85Ga0.15P0.15,1
1680,K8Ce2I18O53,1
1681,Rb3Al3Ge7S20,1
1682,Ba3Er2P4S16,1
1683,Li2ZnGeSe4,1
1684,K2Te,1
1685,CaO,1
1686,PbBiO2Br,1
1687,Tl2GeTe3,1
1688,Bi12TiO20,1
1689,WSe2,1
1690,PrLuSe3,1
1691,BP,1
1692,KSb5S8,1
1693,Ga1.02Sb0.98Te0.06,1
1694,VO2,1
1695,GdTe,1
1696,Pb0.59Ge0.41Te,1
1697,ZnSe,1
1698,CuZn2InTe4,1
1699,Cs2Al2B2O7,1
1700,Ba8Hg4S5Se7,1
1701,GaAs,1
1702,Pb0.9Se0.9Sn0.1Se0.1,1
1703,CdSb,1
1704,La2O2ZnSe2,1
1705,AgFeSe2,1
1706,CuBr,1
1707,GaSe,1
1708,TlPSe2,1
1709,In0.97As0.97Cd0.03Te0.03,1
1710,WO3,1
1711,Hg2Cl2,1
1712,GaAs,1
1713,Sb2S3,1
1714,K2Ag3Sb3S7,1
1715,AgGaS2,1
1716,InS,1
1717,Bi1.98Te3Sb0.02,1
1718,K2ReH9,1
1719,TlPSe2,1
1720,AgGaSe2,1
1721,Eu3Se4,1
1722,Ge0.999Si0.001,1
1723,Hg2Cu3Te6O16,1
1724,Ag8SnSe6,1
1725,MgO,1
1726,Bi2AsO4Cl,1
1727,Cs2TeI6,1
1728,Ag2GeS3,1
1729,ZnSnAs2,1
1730,Cd4YB3O10,1
1731,LiZnBO3,1
1732,OsP4,1
1733,AgSbS2,1
1734,TiTe2,1
1735,Pb2SbS2I3,1
1736,Cs3Bi2Br9,1
1737,La3Mg0.5SnS14,1
1738,ZnIn2S4,1
1739,CdS,1
1740,TlBiTe2,1
1741,Sc2O3,1
1742,InSe,1
1743,GaSb,1
1744,BaGa2SiSe6,1
1745,Ba2InGdSe5,1
1746,Cu3Ta7O19,1
1747,GaP,1
1748,PbTe,1
1749,PbSe,1
1750,K2CdP2Se6,1
1751,K1.83Cd1.83Bi2.17S6,1
1752,In4Te3,1
1753,Ag3AsSe3,1
1754,CsCd4In5Te12,1
1755,Ce4Ge3S12,1
1756,Tl2Hg3S4,1
1757,CuGa3Te5,1
1758,CuPbBiS3,1
1759,KBi3S5,1
1760,CsCaBO3,1
1761,Hg0.65Cd0.35Te,1
1762,TlGaTe2,1
1763,Cu3GdS3,1
1764,Cu3TmTe3,1
1765,LiBi3O4Cl2,1
1766,As2Se3,1
1767,TlCl,1
1768,KSi2P3,1
1769,NaNO2,1
1770,NaBiS2,1
1771,AgSbSe2,1
1772,La2YbCuS5,1
1773,In0.1P0.1Ga0.9As0.9,1
1774,CdSe,1
1775,Mg2Sn,1
1776,Ga0.28In0.72As,1
1777,ZnAs2,1
1778,Ag7AsSe6,1
1779,Ag2CdGeS4,1
1780,InP,1
1781,AgLi0.33Ti0.67O2,1
1782,Hg0.06Zn0.94Te,1
1783,YbGa2Se4,1
1784,Ca2SmTaO6,1
1785,Pb0.8Sn0.2Te,1
1786,Ba4B11O20F,1
1787,GaSe,1
1788,In2O3,1
1789,CrSb2,1
1790,ZnIn2S4,1
1791,Na2Nb4Se4O19,1
1792,Cd3As2,1
1793,Bi2Te1.2Se1.8,1
1794,Cs2B4SiO9,1
1795,Cs10Cd4Sn4S17,1
1796,TlInS2,1
1797,KIO3,1
1798,Rb2Hg3Ge2S8,1
1799,Rb2TeI6,1
1800,SbSI,1
1801,GeSi,1
1802,Cs5P5Se12,1
1803,NaAsS2,1
1804,Ho2GeS5,1
1805,La2Se3,1
1806,TaGaS2,1
1807,MnP4,1
1808,CdSe,1
1809,K10Zn4Ge4S17,1
1810,YbS,1
1811,Tl2Au2Sn2Se6,1
1812,Cs2Bi2Cd2S5,1
1813,LiInI4O12,1
1814,TeSe3,1
1815,Cr3Se4,1
1816,Ga0.65Al0.35As,1
1817,K2Bi8Se13,1
1818,Zn6S5Cl2,1
1819,CuInSe2,1
1820,CuInTe2,1
1821,CsCl,1
1822,Pb0.99Sn0.01Se,1
1823,Pb0.999Se0.999Bi0.002Te0.003,1
1824,Ag2O,1
1825,Pb3B3O10N,1
1826,MnVTe2O8,1
1827,Cd0.99Te0.99Al0.01Sb0.01,1
1828,KTbSe4,1
1829,GaAs,1
1830,ZnAs2,1
1831,SrBiO2Cl,1
1832,FeSi2,1
1833,Ho2Mo3O12,1
1834,K2SmP2S7,1
1835,K10Zn4Sn4S17,1
1836,CdS,1
1837,InSb,1
1838,CdS,1
1839,AlSb,1
1840,Li0.2Na0.8AsSe2,1
1841,Mg2Sn,1
1842,Ba5V3O12F,1
1843,LiI,1
1844,NaCd4P3,1
1845,AlSb,1
1846,AlSb,1
1847,EuSb2Se4,1
1848,Pb0.93TeIn0.07,1
1849,ZnMoSb2O7,1
1850,AsSeI,1
1851,InS,1
1852,Pb0.999Sn0.001Te,1
1853,In0.94As0.94Cd0.06Te0.06,1
1854,TlN,1
1855,NaInI4O12,1
1856,ZnSb,1
1857,AgAlO2,1
1858,KF,1
1859,PbSe0.9S0.1,1
1860,AgAlTe2,1
1861,Ba2AgInS4,1
1862,Sb2Se3,1
1863,PbTe,1
1864,PtPAs,1
1865,Tl2CeP2S7,1
1866,LiPbSb3S6,1
1867,Cd2V2Te2O11,1
1868,TlCl,1
1869,As2S3,1
1870,SnGa4Se7,1
1871,Ho2O3,1
1872,Cd3P2,1
1873,Ba2GaSbTe5,1
1874,Hg0.7Cd0.3Se,1
1875,PbSe,1
1876,PbS,1
1877,PbI2,1
1878,GaAs,1
1879,InP,1
1880,In0.9Al0.1P,1
1881,Na3Sn2F6Cl,1
1882,SnS,1
1883,CdS,1
1884,ZnO,1
1885,K5In3P6Se19,1
1886,SnI4,1
1887,H2Ti6O13,1
1888,Li2B12Si2,1
1889,PbSb2Se4,1
1890,PdS,1
1891,Cd0.9Te0.9Al0.1Sb0.1,1
1892,KAuI4O12,1
1893,CsCl,1
1894,Ba3Tb2P4S16,1
1895,KBiSiS4,1
1896,Ba4Si3Se9Cl2,1
1897,Al2Te3,1
1898,FeIn2Se4,1
1899,CsNbSe2O7,1
1900,FeSc2,1
1901,Ga0.99Sb0.99Cd0.01Te0.01,1
1902,Cs3Nb2AsSe11,1
1903,K3Ta2AsS11,1
1904,GaSb,1
1905,CuGaGeSe4,1
1906,Ba5Ga6SnP12,1
1907,DyIn3S6,1
1908,InP,1
1909,Pb4V2Se6O21,1
1910,EuGa2S4,1
1911,PbMnIn2S5,1
1912,ZnTe,1
1913,PbCdP4O12,1
1914,Mg2Pb,1
1915,Na2CdSnS4,1
1916,LiCsCO3,1
1917,ThOSe,1
1918,PbTe,1
1919,SbI3,1
1920,CdIn2S4,1
1921,HgSe,1
1922,Tl3CuNb2Se12,1
1923,YH2NO5,1
1924,Mg3P2,1
1925,Zn0.4Hg0.6Se,1
1926,InSb,1
1927,Rb3Sb2I9,1
1928,In0.6Al0.4P,1
1929,Ba4Sb3S8Cl,1
1930,Li2CdGe,1
1931,ZnSiP2,1
1932,Bi2O3,1
1933,CdTe,1
1934,In6Se7,1
1935,BaTiO3,1
1936,NaInS2,1
1937,Bi14.7In11.3S38,1
1938,CdGa2Se4,1
1939,Bi2S3,1
1940,Cs2CdP2Se6,1
1941,EuTe,1
1942,Pb0.93TeTl0.07,1
1943,ErBiW2O9,1
1944,Cu2Se,1
1945,LiAsSe2,1
1946,LiGaGe2Se6,1
1947,Eu3In2P4,1
1948,GdAs,1
1949,CsGaS3,1
1950,AsNMg3,1
1951,Ba2InErSe5,1
1952,CsPSe6,1
1953,Sb2Se3,1
1954,BiSCl,1
1955,Hg0.63Cd0.37Te,1
1956,CdS0.8Se0.2,1
1957,ZnTe,1
1958,Gd2S3,1
1959,Na2TeS3,1
1960,AgPbBiS3,1
1961,Hg4As2ZrCl6,1
1962,BaBiO2Cl,1
1963,CdSnAs2,1
1964,CdGeAs2,1
1965,RbYbZnSe3,1
1966,CdGeAs2,1
1967,Cd4As2Br3,1
1968,HgIn2Te4,1
1969,NaInTe2,1
1970,FePS,1
1971,PtSb2,1
1972,Tm2O3,1
1973,PtAs2,1
1974,K1.46Sn3.09Bi7.45Se15,1
1975,CdSiAs2,1
1976,NaBa2Cu3S5,1
1977,GaN,1
1978,RuS2,1
1979,KEuAsS4,1
1980,Pb0.61Ge0.39Te,1
1981,TlSe,1
1982,Cu3YbSe3,1
1983,Pb0.96TeTl0.04,1
1984,Pr2Se3,1
1985,Li2FeSnS4,1
1986,InAs,1
1987,PbGa2Se4,1
1988,Mg2Pb,1
1989,Ba2B6O11,1
1990,As2B12,1
1991,TlAsS2,1
1992,InSe,1
1993,PbO2,1
1994,SeS,1
1995,Pb0.99TeGa0.01,1
1996,BaRh2Ge4Se6,1
1997,CsGeI3,1
1998,RbBiS2,1
1999,Rb1.45Pb3.1Sb7.45Se15,1
2000,SmTe,1
2001,MgSiN2,1
2002,CoSb3,1
2003,MgTe,1
2004,Ba2InDySe5,1
2005,Ba4AgInSe6,1
2006,KH3Se2O6,1
2007,ZnTe,1
2008,PdPSe,1
2009,B2O3,1
2010,BiFSeO3,1
2011,KCl,1
2012,Pb0.9Sn0.1Te,1
2013,ZnIn2Se4,1
2014,Ag2ZnSiS4,1
2015,Cd3As2,1
2016,Bi2Te3,1
2017,CdSe,1
2018,MoO3,1
2019,Zn2In2S5,1
2020,K8Zr6Se30,1
2021,PbO2,1
2022,Si2Te3,1
2023,InP,1
2024,LaVI5O16,1
2025,KBiS2,1
2026,CdSe,1
2027,BAs,1
2028,CdSb2Se3Br2,1
2029,La2O2FeSe2,1
2030,BaZn2As2,1
2031,ZnSnAs2,1
2032,YbSb2S4,1
2033,HgTe,1
2034,CdTe,1
2035,AgCl,1
2036,CuInSe2,1
2037,TlSbSe2,1
2038,GeS,1
2039,Th2GeSe2,1
2040,Rb2Cu2Sb2S5,1
2041,CuGaS2,1
2042,Ba1.88Ta15O32,1
2043,Cs6Na2Zn4Ge42,1
2044,Cu0.35Ga1.65S2.65,1
2045,Li4.5Ga0.5TeO6,1
2046,KGaSnSe4,1
2047,AlN,1
2048,Cu0.95In1.05Se2.05,1
2049,Cu2Te,1
2050,CdIn2Se4,1
2051,Cu2SnSe3,1
2052,Hg0.8Zn0.2Te,1
2053,BaSe,1
2054,Zn0.3S0.3Ga0.7P0.7,1
2055,TeI4,1
2056,KSbS2O8,1
2057,CdS0.99Se0.01,1
2058,RbCl,1
2059,Ba2InNdTe5,1
2060,Ba2GaSmSe5,1
2061,ZnI2,1
2062,K2CuNbSe4,1
2063,InBi2S4Br,1
2064,Ga0.01P0.01Zn0.99Se0.99,1
2065,TiS3,1
2066,ZnSe,1
2067,Hg2I2Te2,1
2068,SbSI,1
2069,Ba3Ta2Se9,1
2070,ZnSnAs2,1
2071,Cs2MgSn3Se8,1
2072,Ce10OSe14,1
2073,K2P2Se6,1
2074,EuSb4Te7,1
2075,CsAgSb4S7,1
2076,WSe2,1
2077,TlSe,1
2078,Ca3Sb2,1
2079,TlBr,1
2080,Na8CsB21O36,1
2081,Cu2P2S6,1
2082,Ag3AsS3,1
2083,SrTe,1
2084,TlBr,1
2085,ZrNiSb,1
2086,Mg2Sn,1
2087,PtS2,1
2088,CeFMoO4,1
2089,InSb,1
2090,Rh0.67S2,1
2091,Nd4Ge3S12,1
2092,GdB66,1
2093,InP,1
2094,CuNb3O8,1
2095,BaGa2SnSe6,1
2096,Pb0.92Sn0.08Te,1
2097,Cs2HgI2Cl2,1
2098,PbTe,1
2099,ZnS,1
2100,Ge0.891Si0.109,1
2101,Ba2GaSbSe5,1
2102,La4InSbSe9,1
2103,AgAlSe2,1
2104,Pb0.999Sn0.001Te,1
2105,BaF2,1
2106,InAs,1
2107,Ge0.8Si0.2,1
2108,GaSe,1
2109,InS,1
2110,Ga0.8In0.2As,1
2111,YbS,1
2112,TlCu3Lu2Se5,1
2113,GaTe,1
2114,LiF,1
2115,Cu0.99Ga1.01Se2.01,1
2116,Gd3.04Sc0.96S6,1
2117,Pb0.999TeGa0.001,1
2118,CdTe,1
2119,CdSiP2,1
2120,Ba2ScTaO6,1
2121,ZnSnSb2,1
2122,La2MnNiO6,1
2123,ZnIn2S4,1
2124,TlPS2,1
2125,Mg2Sn,1
2126,Li2ZnSnSe4,1
2127,ZnAs2,1
2128,TlInSe2,1
2129,ZnSnSb2,1
2130,InP,1
2131,RbH3Se2O6,1
2132,Pb0.83Sn0.17Se,1
2133,CdTe,1
2134,Ga2Te3,1
2135,Ba2InErTe5,1
2136,CuI,1
2137,SnS0.8Se0.2,1
2138,Ga2GeTe3,1
2139,Ge0.92Si0.08,1
2140,Ge0.93Si0.07,1
2141,Er2Se3,1
2142,Bi2I4O13,1
2143,NaGe3P3,1
2144,K2ZnSn2Se6,1
2145,PtSe2,1
2146,GeS,1
2147,Cu2ZnSnTe4,1
2148,AlVTe2O8,1
2149,PtP2,1
2150,AgAlTe2,1
2151,Bi3In4S10,1
2152,NaI,1
2153,AlP,1
2154,Ag2.7Ba6Sn4.3S16,1
2155,SnGeS3,1
2156,CaSm2S4,1
2157,K8Al8Si38,1
2158,BiSI,1
2159,Ce2YbCuS5,1
2160,Cu2O,1
2161,PbCl2,1
2162,CdGa2Se4,1
2163,BaClBF4,1
2164,Sn2S,1
2165,CdSb,1
2166,Pb0.995TeTl0.005,1
2167,GaAs0.99Sb0.01,1
2168,Cs2Te,1
2169,Th2Se5,1
2170,Fe2TiSi,1
2171,Hg0.1Zn0.9Te,1
2172,PbGeS3,1
2173,Na2KSb,1
2174,Mn2.04Gd1.47In0.49S5,1
2175,KAg2SbS4,1
2176,TlCl,1
2177,InSe,1
2178,Cs2CuNbSe4,1
2179,ZnIn2S4,1
2180,GaSb,1
2181,CuAlSe2,1
2182,La3CuGaSe7,1
2183,Cu2CdGeSe4,1
2184,Ba8Al10B12O41,1
2185,Bi12SiO20,1
2186,Ga2Te3O9,1
2187,HfS3,1
2188,Pb0.95Sn0.05Se,1
2189,InP,1
2190,KInSe2,1
2191,ZnO,1
2192,BiZn2VO6,1
2193,Hg0.3Cd0.7Se,1
2194,TaGaSe2,1
2195,KFe2BiO5,1
2196,Ga2Te3,1
2197,Cs2Cd3B16O28,1
2198,TlInTe2,1
2199,CuCl,1
2200,HfS2,1
2201,Fe4I3O24H15,1
2202,Cu0.35Ga1.65Se2.65,1
2203,KIO3,1
2204,K2AgSnSe4,1
2205,SmTe,1
2206,SmB66,1
2207,Ag3AsSe3,1
2208,Pr2Te3,1
2209,RbCl,1
2210,CdSe,1
2211,CsSbS2,1
2212,GaAs,1
2213,CdSe,1
2214,Li6Al2Te8O22,1
2215,Rb3Bi2Br9,1
2216,SnS,1
2217,Pr10OSe14,1
2218,EuS,1
2219,CuInSe2,1
2220,CuGaSe2,1
2221,Ag2SnS3,1
2222,BaTe,1
2223,Pb2B3O7.5H2,1
2224,YbSb2Te4,1
2225,Cs2Zn3Se4O12,1
2226,CeScO3,1
2227,SnSe,1
2228,Ag3AsS3,1
2229,Cu3AsSe4,1
2230,AlSb,1
2231,ZnTe,1
2232,Tl2TeI6,1
2233,AlB12,1
2234,Zn0.9Hg0.1Se,1
2235,ZnIn2S4,1
2236,Cd4As2Br3,1
2237,PbBr2,1
2238,AlB12,1
2239,Rh0.67Se2,1
2240,Ge0.001Si0.999,1
2241,Ga0.95Sb0.95Zn0.05Te0.05,1
2242,LiPbB9O15,1
2243,La2V2IO9,1
2244,CuCl,1
2245,Sn2SbS2I3,1
2246,Cd3P2,1
2247,Ba2B6O9(OH)4,1
2248,Nd2Se3,1
2249,Nd4InSbSe9,1
2250,Sm2O3,1
2251,ZnS,1
2252,TlInSe2,1
2253,YbTe,1
2254,RbZn4In5Se12,1
2255,TlInSe2,1
2256,Ga2Se2O7,1
2257,DyTe1.7,1
2258,Na2CdGe2S6,1
2259,NH6PO4,1
2260,ZnS,1
2261,AgGaS2,1
2262,InSb2Se4Br,1
2263,CdTeO3,1
2264,Cu2GeS3,1
2265,Sm4InSbS9,1
2266,Cs4Pb4Ge5S16,1
2267,HgGa2S4,1
2268,Cd3As2,1
2269,CsSmCdSe3,1
2270,CaF2,1
2271,ErN,1
2272,Hg0.25Zn0.75Te,1
2273,RbMoPO6,1
2274,RuPS,1
2275,CuCl,1
2276,NaI,1
2277,InAs,1
2278,GaSb,1
2279,SrSeO4,1
2280,SnSe,1
2281,TlCr5Se8,1
2282,TlInGeS4,1
2283,La3Sb0.33SiSe7,1
2284,CuInTe2,1
2285,K2Cu2ThS4,1
2286,K2Gd2Ti3O10,1
2287,Hg0.8Cd0.2Se,1
2288,As2Se3,1
2289,K2ZnSn3S8,1
2290,InP,1
2291,CuIn3S5,1
2292,ZnO,1
2293,Ga2S3,1
2294,GaSb,1
2295,CdP4,1
2296,TlCr5SSe7,1
2297,GaSe,1
2298,Sn2BiS2I3,1
2299,Cu0.35In1.65Se2.65,1
2300,Ba4Ge3S9Cl2,1
2301,CdSe,1
2302,BiSeBr,1
2303,Zn0.85S0.85Ga0.15P0.15,1
2304,NiS2,1
2305,Na8Eu2Ge4S12,1
2306,CaGd2S4,1
2307,Ho2S3,1
2308,K3Cu3Th2S7,1
2309,CuGaS2,1
2310,K4Nb2S11,1
2311,MoTe2,1
2312,IrSe2,1
2313,CdS,1
2314,K2ZnSn3S8,1
2315,Ga2Se3,1
2316,TlSe,1
2317,Ir2Sn3Se3,1
2318,Zn0.5Cd0.5Se,1
2319,CuZr1.86S4,1
2320,ZnS,1
2321,Hg0.8Cd0.2Se,1
2322,BaHgSe2,1
2323,La3GaGe0.5S7,1
2324,CeF3,1
2325,Cu3GdSe3,1
2326,Ce2O2FeSe2,1
2327,Dy4GaSbS9,1
2328,GaSe,1
2329,Ru2Si3,1
2330,CdP2,1
2331,AgIn3Te5,1
2332,CdSb,1
2333,InP2S4,1
2334,Zn0.55S0.55Ga0.45P0.45,1
2335,PbSeO4,1
2336,ZnSnP2,1
2337,Ba3SnSb2Se8,1
2338,LiAlB14,1
2339,Ga0.2In0.8As,1
2340,AgS,1
2341,Tb2Mo3O12,1
2342,LaB6,1
2343,NaAlGeS4,1
2344,CdSb,1
2345,Ag2NbP2S8,1
2346,LaGaO3,1
2347,Na0.5Pb1.75GeSe4,1
2348,As2S3,1
2349,InP,1
2350,CuGaS2,1
2351,InAs,1
2352,CaO,1
2353,Ba4CuGa5S12,1
2354,CsCdBO3,1
2355,Ga0.3P0.3Zn0.7Se0.7,1
2356,SmSnTe2,1
2357,ThO2,1
2358,BaTiO3,1
2359,RuAsS,1
2360,SbSI,1
2361,CeIn3S6,1
2362,NiP2,1
2363,AgTlSe2,1
2364,GaS,1
2365,CdS,1
2366,CuCd2InTe4,1
2367,GeAs2,1
2368,GeSe,1
2369,KBiSe2,1
2370,CdSe,1
2371,AgSbS2,1
2372,GeS,1
2373,SrSe,1
2374,PdP2,1
2375,Ba4Ga4SnSe12,1
2376,Na2GeIn2Se6,1
2377,Ba2In2S5,1
2378,BaCuSbS3,1
2379,Na2ZnGe2S6,1
2380,InSe,1
2381,Sb2S3,1
2382,GeSe2,1
2383,K3Cr2P3S12,1
2384,CdSe,1
2385,YClMoO4,1
2386,ReSi2,1
2387,As2S3,1
2388,Ag2MoI4O14,1
2389,Cd3As2,1
2390,HoN,1
2391,GeS,1
2392,CdSnAs2,1
2393,In0.99As0.99Ga0.01P0.01,1
2394,SmP,1
2395,CaF2,1
2396,CuCl,1
2397,Zn3P2S8,1
2398,GaP,1
2399,Ga0.58As0.58Zn0.42Se0.42,1
2400,CsYCdSe3,1
2401,In2GeTe3,1
2402,PdPS,1
2403,Na2Ga2SnS6,1
2404,Fe2P3B1O12,1
2405,ReO3,1
2406,Pb2BiS2I3,1
2407,Li3AlP2,1
2408,Cs2Sn3Sb2S10,1
2409,TlHg6S4Br5,1
2410,Rb3Sb,1
2411,Ce2YbCuSe5,1
2412,La3CuGeSe7,1
2413,RbYTe2O6,1
2414,CuInTe2,1
2415,LiIO3,1
2416,CsCd4Ga5Se12,1
2417,In0.5P0.5Ga0.5As0.5,1
2418,ZnS,1
2419,Cd6P7,1
2420,Ag2S,1
2421,Sb2Se3,1
2422,HgS,1
2423,CdGa2Se4,1
2424,Cs5BiP4Se12,1
2425,CdIO3Cl,1
2426,Eu4Te7,1
2427,V3As2O9,1
2428,GdIn3S6,1
2429,In0.8P0.8Ga0.2As0.2,1
2430,Li8GeN4,1
2431,NaNbSe2O7,1
2432,CdS,1
2433,Pb0.85Sn0.15Te,1
2434,AlSb,1
2435,TlBr,1
2436,AgSbSe2,1
2437,BiI3,1
2438,EuVO4,1
2439,CsRbP2Se8,1
2440,Na2In2SiS6,1
2441,NaScSe2O6,1
2442,MoTe2,1
2443,As2Se3,1
2444,CdP4,1
2445,Ba6Al4B14O33,1
2446,Mg3B50C8,1
2447,InP,1
2448,BaCdSnS4,1
2449,ZnSe,1
2450,PbI2,1
2451,Zn0.75Cd0.25Se,1
2452,Li4Rb3B7O14,1
2453,AgInTe2,1
2454,AsTe,1
2455,Pb2O3,1
2456,K10Sn3P8Se24,1
2457,Sm2ZrSe5,1
2458,Ba5Ga2Se8,1
2459,Ce15B8N25,1
2460,In0.1As0.1Ga0.9P0.9,1
2461,Sn0.5GaZn3.5O6,1
2462,Cu2Se,1
2463,CuIn5S8,1
2464,BaGa2GeSe6,1
2465,Ga0.25Al0.75As,1
2466,Cs2Cu3DyTe4,1
2467,LiI,1
2468,Rb1.54Cd1.54Bi2.46S6,1
2469,Cu2CdSnS4,1
2470,CuGaSe2,1
2471,Pb2V3Se5O18,1
2472,Li2In2GeSe6,1
2473,GaP,1
2474,ZnTe,1
2475,Fe2Te3,1
2476,LiIO3,1
2477,SrTiO3,1
2478,CuGaInS3.5,1
2479,KAg2SbS3,1
2480,Tl2Hg3Se4,1
2481,RbSbS2,1
2482,La2YbCuSe5,1
2483,In2S3,1
2484,NaAsS2,1
2485,Ag0.4Cd0.5In2.2Te4,1
2486,Cs2Hg3S4,1
2487,GaSe,1
2488,ZnO,1
2489,BiSeI,1
2490,MgSe,1
2491,CdIn2Te4,1
2492,In4S5,1
2493,Gd2Mn4S7,1
2494,YbClWO4,1
2495,Ba3Ta5O14N,1
2496,PbCdP4O12,1
2497,Sr2SmTaO6,1
2498,CsYbZnSe3,1
2499,LiGaSe2,1
2500,HfS3,1
2501,Hg4As2HfCl6,1
2502,CdSb,1
2503,KBaSbSe3,1
2504,BiSCl,1
2505,RbMn4In5Se12,1
2506,MnSe,1
2507,Cu0.15In1.85Se2.85,1
2508,KUO3Cl,1
2509,CsTb9Cd4Se18,1
2510,GeAs,1
2511,Cd3MoTe2O10,1
2512,ZnSnAs2,1
2513,ZnIn2S4,1
2514,GaSb,1
2515,Pb0.7Ge0.3Se,1
2516,CsInGeS4,1
2517,BiTeI,1
2518,GaTe,1
2519,Cs2Cu2Sb2S5,1
2520,Pb2H2P2O6,1
2521,Na7.36Ga7.24Sn4.78Se24,1
2522,GaTe,1
2523,CeN,1
2524,KYTe2O6,1
2525,Rb4Ti3S14,1
2526,BaGa2S4,1
2527,CsCd4In5Se12,1
2528,La2MoO5,1
2529,BaZnSiSe4,1
2530,Pr4Te7,1
2531,TeO2,1
2532,CdGa2S4,1
2533,KV2I3O13,1
2534,Cd3P2,1
2535,GaSe,1
2536,CaMg2N2,1
2537,MgSe,1
2538,Pr2.48Tb0.52Ga1.67S7,1
2539,Zn3In2S6,1
2540,Pb2Bi5.9La2.1S14,1
2541,TlAsSe2,1
2542,CsYbZnSe3,1
2543,Cd3P2,1
2544,PbSbO2I,1
2545,Ba8Ga10Si36,1
2546,Bi2O3,1
2547,Pb0.83Sn0.17Te,1
2548,KNb3Se2O12,1
2549,ZnO,1
2550,Tl3AsSe3,1
2551,CdGa2Se4,1
2552,CeMn0.5OSe,1
2553,InSe,1
2554,As2S3,1
2555,ThOS,1
2556,Tl4Nb2S11,1
2557,SmTe,1
2558,Hg4As2.5InBr3.5,1
2559,Li4.5Fe0.5TeO6,1
2560,Bi25FeO39,1
2561,Hg0.2Zn0.8Te,1
2562,CdO,1
2563,Bi2Te0.1Se2.9,1
2564,PbSbBS4,1
2565,ZnGa2Se4,1
2566,CuBiP2Se6,1
2567,Pb10B3O13Br3,1
2568,AgGaS2,1
2569,AgBiP2S6,1
2570,SrThP2S8,1
2571,UO2,1
2572,CuGaSe2,1
2573,DyB6,1
2574,K1.25Pb3.5Bi7.25Se15,1
2575,K2Cd2Te3,1
2576,Gd4GaSbS9,1
2577,NdCuOTe,1
2578,CsBiS2,1
2579,CdSiAs2,1
2580,ZnS,1
2581,OsTe2,1
2582,PbBiBO4,1
2583,Rb2Hg3Sn2S8,1
2584,LiBi4Ta3O12,1
2585,BaGa2SiS6,1
2586,BaF2,1
2587,BaTiO3,1
2588,AlB12,1
2589,RbAg2TeS6,1
2590,Ba3P3O10Cl,1
2591,Sm2Mn3Sb4S12,1
2592,CdIn2S4,1
2593,CdS0.35Se0.65,1
2594,CoAs3,1
2595,GeSe2O6,1
2596,RbPSe6,1
2597,Cu3ErTe3,1
2598,KTaO3,1
2599,SnS,1
2600,CdS,1
2601,In0.9As0.9Cd0.1Te0.1,1
2602,CsZn4In5Se12,1
2603,Na2KSb,1
2604,Pb0.9Sn0.1Se,1
2605,RbF,1
2606,InP,1
2607,PbI2,1
2608,SbSeI,1
2609,LiZnN,1
2610,Zn0.75Cd0.25Se,1
2611,CsBi3Se5,1
2612,Cu3DySe3,1
2613,Bi12PO20,1
2614,TlInSe2,1
2615,CdIn2Te4,1
2616,AgGaSe2,1
2617,LiNbO3,1
2618,CuCl,1
2619,CuCdInSe3,1
2620,RuSbSe,1
2621,Co2Te3O8,1
2622,Li4SrB2O6,1
2623,As2S3,1
2624,K4GeSe4,1
2625,CdCl2,1
2626,AlB12,1
2627,Na4MgGe2Se6,1
2628,AgI,1
2629,TaON,1
2630,Ba3BSbSe6,1
2631,EuLu2Se4,1
2632,GaP,1
2633,As2S3,1
2634,Na4MgSi2Se6,1
2635,CaSe,1
2636,CsCeHgSe3,1
2637,PbGa2GeSe6,1
2638,In0.96As0.96Cd0.04Te0.04,1
2639,CsCu2AsS3,1
2640,Sb2Se3,1
2641,SrLa2S4,1
2642,SrTiO3,1
2643,InP2S4,1
2644,Ga0.8Sb0.8Cd0.2Te0.2,1
2645,EuSb2S4,1
2646,BaGa4Se7,1
2647,KRbBi8Se13,1
2648,In0.4Al0.6P,1
2649,K8Ga8Si38,1
2650,CuFeSe2,1
2651,Cd3As2,1
2652,La3Te4,1
2653,Rh2S3,1
2654,Ga1.01Sb0.99Te0.03,1
2655,In0.4P0.4Ga0.6As0.6,1
2656,GaSe,1
2657,GaAs,1
2658,Sb2Te3,1
2659,Er2Mo3O12,1
2660,TlSe,1
2661,GaSe,1
2662,Ge0.1Si0.9,1
2663,Y2S3,1
2664,Ba3ZnTa2O9,1
2665,CuBS2,1
2666,Zn0.4Hg0.6Se,1
2667,Ta2O5,1
2668,Pb0.75Sn0.25Se,1
2669,Cu2ZnGeS4,1
2670,Cu0.2In1.8Se2.8,1
2671,AgS,1
2672,OsP2,1
2673,RbZrPSe6,1
2674,Bi2S3,1
2675,Zn3P2,1
2676,GeO2,1
2677,CdSe,1
2678,Ag2SnSe3,1
2679,NdTe2,1
2680,NaSbS2,1
2681,Cu2GeSe3,1
2682,Pb2GeSe4O12,1
2683,CsSmZnSe3,1
2684,Sb3O4I,1
2685,NaBaB5O9,1
2686,Bi2SeI2O11,1
2687,CdP2,1
2688,Dy3Al0.5SiS7,1
2689,TlCr5S4Se4,1
2690,Nd2ZrS5,1
2691,MnTe,1
2692,LiInSe2,1
2693,Ga1.005Sb0.995Te0.015,1
2694,Ba3InS4Cl,1
2695,EuVO4,1
2696,CuGa3Se5,1
2697,Bi5O7I,1
2698,CsLaHgSe3,1
2699,Mg2Pb,1
2700,CdSe,1
2701,NaI,1
2702,NaAsSe2,1
2703,TlSe,1
2704,ReSi2,1
2705,CdTe,1
2706,Zn0.99Cd0.01Se,1
2707,NaIn3S5,1
2708,TiC0.9,1
2709,KPbB5O9,1
2710,GaTe,1
2711,In2Te,1
2712,Cu0.4In1.6Se2.6,1
2713,ZnSnAs2,1
2714,BaS,1
2715,Cu2In4Te7,1
2716,PbTe,1
2717,K2Au2SnS4,1
2718,TlBr,1
2719,K3NaSn3Se8,1
2720,Rb2CuNbS4,1
2721,AgO,1
2722,ZnO,1
2723,CdS,1
2724,Rb2TiCu2S4,1
2725,OsSb2,1
2726,SbSI,1
2727,LiAlB14,1
2728,Ba3Sn0.87Bi2.13Se8,1
2729,K2CuIn3Se6,1
2730,Ce2Te3,1
2731,KCd4Ga5Se12,1
2732,EuGa2Te4,1
2733,PbBr2,1
2734,ScN,1
2735,Ba3Gd2P4S16,1
2736,K2CsSb,1
2737,CoAsSe,1
2738,Sm4GaSbS9,1
2739,Hg3ZnS2Cl4,1
2740,BeO,1
2741,Ga1.05Sb0.95Se0.15,1
2742,CdGeAs2,1
2743,Na3WO4Cl,1
2744,GeAs2,1
2745,GaAs,1
2746,In0.01Al0.99P,1
2747,Ba4CuGa5Se12,1
2748,GaSb,1
2749,CsCd4Ga5Te12,1
2750,InAsI,1
2751,Ag3SbS3,1
2752,GaSb,1
2753,CuFeSe2,1
2754,Cu3ScSe3,1
2755,RbBiS2,1
2756,Hg0.8Zn0.2Te,1
2757,AlN,1
2758,SiAs,1
2759,In2Se3,1
2760,HgSc,1
2761,Pb4Sb6Se13,1
2762,CdP4,1
2763,CdSnAs2,1
2764,Cs6.40Na1.60Ga8Ge38,1
2765,NaYbP2S6,1
2766,GaN,1
2767,Rb3NaMo2O8,1
2768,BeS,1
2769,Ag7AsS6,1
2770,Ga2S3,1
2771,TlAsSe2,1
2772,Ag0.2Cd0.75In2.1Te4,1
2773,WSe2,1
2774,NdCuOS,1
2775,Zn0.99Cd0.01Se,1
2776,ZnB12O24H10,1
2777,CdTe,1
2778,CdS,1
2779,Cs2Hg6S7,1
2780,CaB6,1
2781,AgIn5S8,1
2782,K4P8Te4,1
2783,V2O5,1
2784,CuBr,1
2785,Hg2Br2Te2,1
2786,ScNiSb,1
2787,BaGa2GeSe6,1
2788,Na2Te,1
2789,In4As5O12Br3,1
2790,CuBr,1
2791,TaN,1
2792,Na2Mo2Se2O11,1
2793,K4Ag9Sb4S12,1
2794,K2Gd2Sb2Se9,1
2795,RbBi3Se5,1
2796,RuSbTe,1
2797,SnS,1
2798,BiI3,1
2799,Zn0.7S0.7Ga0.3P0.3,1
2800,ZnSiAs2,1
2801,Dy3GaS6,1
2802,ZnSe,1
2803,La2Ga0.33SbS5,1
2804,BaB2O4,1
2805,UO,1
2806,CuSbS2,1
2807,SmS,1
2808,InSnAsSe,1
2809,ZnSe,1
2810,Cs4Zr3S14,1
2811,Ba7AgGa5S15,1
2812,CaNd2S4,1
2813,CsSmZnSe3,1
2814,NaIn3Se5,1
2815,PSe,1
2816,Hg0.01Zn0.99Te,1
2817,TlScSe2,1
2818,Sb2Te3,1
2819,Tl2O3,1
2820,CdGeAs2,1
2821,Mg2Sn,1
2822,SrPb3Br8,1
2823,CuFeS2,1
2824,KSbS2,1
2825,RbCl,1
2826,MnSb2Se4,1
2827,K2TeI6,1
2828,Na2TeSe3,1
2829,Cd3As2,1
2830,CsSb,1
2831,CsZrPSe6,1
2832,Zn2In2S5,1
2833,Eu3Bi4S9,1
2834,Ga0.01Al0.99P,1
2835,RbBa2P5O15,1
2836,LiMgBi,1
2837,NaBiS2,1
2838,PbI2,1
2839,CdGeP2,1
2840,CoSb3,1
2841,InSe,1
2842,Bi25GaO39,1
2843,Ba12In4S19,1
2844,Cu0.1Ga1.9S2.9,1
2845,Bi7F11O5,1
2846,Zn0.01Cd0.99Se,1
2847,Sr4Te3O8Cl4,1
2848,BaIn2S4,1
2849,AgInSe2,1
2850,InSb,1
2851,BaTiO3,1
2852,SrGe2,1
2853,Cu0.1Ga1.9S2.9,1
2854,Cd4P2Cl3,1
2855,In0.98As0.98Cd0.02Te0.02,1
2856,GaSe,1
2857,InSe,1
2858,WO3,1
2859,Na2Ga2GeS6,1
2860,Ga0.5Al0.5As,1
2861,CuScO2,1
2862,Gd2O3,1
2863,InAs,1
2864,GaAs0.01P0.99,1
2865,LiInS2,1
2866,IrS2,1
2867,MnI2,1
2868,In0.4Ga0.6P,1
2869,TlBr,1
2870,AlP,1
2871,Eu1.83Ta15O32,1
2872,Ga2Te3O9,1
2873,In2Se,1
2874,Ba3Sb2S7,1
2875,RuPAs,1
2876,KAg2AsS3,1
2877,PrBN2,1
2878,Sr3Se3O8Cl,1
2879,LiBr,1
2880,Cd0.95Te0.95Al0.05Sb0.05,1
2881,Cs2Ga2Se5,1
2882,Cd3P2,1
2883,Zn3In2S6,1
2884,RbBi3Se5,1
2885,Pb0.9Ge0.1Se,1
2886,CuInSe2,1
2887,InAs,1
2888,Cu2Te3O8,1
2889,EuSnTe2,1
2890,CuI,1
2891,Ba2InDyTe5,1
2892,GaAs,1
2893,CsSmHgSe3,1
2894,Ca3B2N4,1
2895,Pb0.8Sn0.2Te,1
2896,EuSb2BO8,1
2897,K4Hf3Se14,1
2898,ZnO,1
2899,NaCeS3,1
2900,PbSnS3,1
2901,Si2Te3,1
2902,LaTaN2O,1
2903,Cs4Ta4P4Se24,1
2904,CdSe,1
2905,EuEr2Se4,1
2906,BaGe2,1
2907,TlInSe2,1
2908,Bi2CrI2O11,1
2909,Ga0.85As0.85Zn0.15Se0.15,1
2910,LiInSnS4,1
2911,Pr2Te3,1
2912,EuGa2Se4,1
2913,Na2ZnGe2Se6,1
2914,In2Se3,1
2915,Pr2Te4O11,1
2916,CoP3,1
2917,TlInTe2,1
2918,ZnIn2Te4,1
2919,RbCu2SbS3,1
2920,Tl2Hg3Te4,1
2921,Cr2S3,1
2922,InN,1
2923,Cu2O,1
2924,Er2Te3,1
2925,AgGaSiSe4,1
2926,Rb8Ga8Si38,1
2927,AgSbTe2,1
2928,Li2In2GeS6,1
2929,SnBr2,1
2930,ThO2,1
2931,Bi8Te7S5,1
2932,PbGa2SiSe6,1
2933,Li2ZnGe,1
2934,Na2RbSb,1
2935,TaGaS2,1
2936,K2Hg3S2.69Se1.31,1
2937,In0.3Al0.7P,1
2938,ZnO,1
2939,GaTe,1
2940,SrS,1
2941,LiGaS2,1
2942,In2Se3,1
2943,MnTe9,1
2944,LiCl,1
2945,PbTe,1
2946,TlSe,1
2947,CuIn2S3.5,1
2948,Cu2ZnSiS4,1
2949,Pb0.93TeGa0.07,1
2950,HgCuSe2O6,1
2951,LiBiS2,1
2952,CaBi2O4,1
2953,PbTe,1
2954,Tl3VS4,1
2955,DyTe1.40,1
2956,Rb3ZnB5O10,1
2957,Li0.5Pb1.75GeS4,1
2958,Cu2ZnSiS4,1
2959,SnS,1
2960,Mn1.95GdIn1.05S5,1
2961,BiI3,1
2962,Ge0.97Si0.03,1
2963,Cs2MgGe3Se8,1
2964,Hg0.72Cd0.28Te,1
2965,Pb0.98Te0.98Ge0.02S0.02,1
2966,CsHo9Cd4Se18,1
2967,CuInS2,1
2968,TlCl,1
2969,La2BaTe5O14,1
2970,RbSbSe2,1
2971,VO,1
2972,Ag2Ga2SiS6,1
2973,RbCu2AsS3,1
2974,TlBr,1
2975,La5Cu6.33O4S7,1
2976,Pb0.99Sn0.01Se,1
2977,CoAsS,1
2978,Ba3La3Cu6O14,1
2979,BiI3,1
2980,Zn4Sb3,1
2981,Cu0.01In1.99Se2.99,1
2982,K2Au2Sn2S6,1
2983,TaGaS2,1
2984,Ba7Sn5S15,1
2985,Se3Te,1
2986,Al2Se3,1
2987,Cu0.2Ga1.8S2.8,1
2988,NaLa2TaO6,1
2989,MoO3,1
2990,ReSi2,1
2991,Cs3Sb2Br9,1
2992,AgSbSe2,1
2993,Ca3N2,1
2994,InAs,1
2995,Cu3SmTe3,1
2996,KCeSe4,1
2997,BaAl4Se7,1
2998,K2Bi8Se13,1
2999,Sb2Te3,1
3000,PbSe,1
3001,CuP2,1
3002,RbI,1
3003,Fe2Te3,1
3004,Cd3P2,1
3005,NaCdAsS3,1
3006,Zn3P2,1
3007,V2O5,1
3008,Zn0.55Hg0.45Se,1
3009,TlSe,1
3010,As2S3,1
3011,Li2CdSnS4,1
3012,Rb2Cd3Se4,1
3013,SmSe,1
3014,InAs,1
3015,In0.8As0.8Ga0.2P0.2,1
3016,BaS,1
3017,Li4Cs3B7O14,1
3018,Rb2Cd3S4,1
3019,GaTe,1
3020,CdSc,1
3021,CdSnP2,1
3022,NaSmP2S6,1
3023,CdAs2,1
3024,AgGaS2,1
3025,PtP2,1
3026,Gd2Te3,1
3027,PbS,1
3028,Ag3AsSe3,1
3029,KSb,1
3030,CaZnOS,1
3031,PtSb2,1
3032,BaAuI5O15,1
3033,Mg2Co,1
3034,Ag2SnSe3,1
3035,CdSe,1
3036,AgGaO2,1
3037,Pb0.85Ge0.15Te,1
3038,CuGaS2,1
3039,EuS,1
3040,AgS,1
3041,Pb0.95Se0.95Ge0.05S0.05,1
3042,CdSb,1
3043,Bi4V2O11,1
3044,Ga2Te3,1
3045,HgIn2S4,1
3046,Li4.5Cr0.5TeO6,1
3047,ErIn3S6,1
3048,InAs,1
3049,Na2B6O9F2,1
3050,GeSe,1
3051,Pb0.95Se0.95Sn0.05Se0.05,1
3052,K8Zr6Se30,1
3053,Sr5V3O12F,1
3054,AgFeTe2,1
3055,CdS0.65Se0.35,1
3056,HgSnO3,1
3057,EuTe,1
3058,RbCu2VS4,1
3059,Pb6B4O13H2,1
3060,SnS0.4Se0.6,1
3061,InSb,1
3062,LaZnAsO,1
3063,RuP4,1
3064,CaLa2S4,1
3065,Sn0.5GaZn4.5O7,1
3066,Ba2GaErSe5,1
3067,NaBr,1
3068,Se0.4Te0.6,1
3069,Rb3Bi2I9,1
3070,Cd12Ge17B8O58,1
3071,Ca2ScSbO6,1
3072,CdTe,1
3073,Cu1.8S,1
3074,LaNbON2,1
3075,CdP4,1
3076,RbIn5S6,1
3077,AgFeTe2,1
3078,GaSb,1
3079,SnTe,1
3080,AlBi,1
3081,Rb2AgVS4,1
3082,Sm3Al0.33SiS7,1
3083,NaInSe2,1
3084,LaP,1
3085,AgI,1
3086,CdIn2Se4,1
3087,TiS2,1
3088,Zn0.15Cd0.85Se,1
3089,CuCl,1
3090,CsLu7S11,1
3091,FeP4,1
3092,CsSbS2O8,1
3093,OsSbSe,1
3094,In0.5As0.5Ga0.5P0.5,1
3095,ZnTc,1
3096,Ba2ZnSe3,1
3097,Cu3YSe3,1
3098,Ba2GaYSe5,1
3099,InSe,1
3100,AgSO4,1
3101,CdS,1
3102,Ce4Te7,1
3103,BaSbBS4,1
3104,Li2FeGeS4,1
3105,Ce3LuSe6,1
3106,Ga1.05Sb0.95Te0.15,1
3107,CsInTe2,1
3108,Ga1.005Sb0.995Se0.015,1
3109,TaGaS2,1
3110,PrAs,1
3111,Li4.5Al0.5TeO6,1
3112,K2Cd3Se4,1
3113,Pb0.72Se0.72Sn0.28Te0.28,1
3114,AgBr,1
3115,Ba2Ga8GeS16,1
3116,InS,1
3117,ZnGeN2,1
3118,Ba3Ho2P4S16,1
3119,RbCl,1
3120,Hg5AsS2I3,1
3121,Cd3BiP3O12,1
3122,EuH2,1
3123,NaNO2,1
3124,BaZnOS,1
3125,InBi2S4Cl,1
3126,TeI,1
3127,Rb2PtI6O18,1
3128,BiSeI,1
3129,Cs1.43Cd1.43Bi2.57S6,1
3130,InP2Se4,1
3131,PbCl2,1
3132,PbO2,1
3133,Cs2Ga2S5,1
3134,Pb0.75Sn0.25Te,1
3135,SnS0.99Se0.01,1
3136,Pb3Br2Se2O6,1
3137,Ba4Ga2S8,1
3138,CuGa0.4In1.6S3.5,1
3139,V2O5,1
3140,K3Nb2AsSe11,1
3141,Cu0.3Ga1.7S2.7,1
3142,Ru2Si3,1
3143,SnBr2,1
3144,Li2CdGeS4,1
3145,Li2Ga2GeS6,1
3146,LiKCO3,1
3147,SbSBr,1
3148,Cu3DyTe3,1
3149,MoSe2,1
3150,LaInS2O,1
3151,Hg6.5As4CdCl6,1
3152,K2MnSn2Se6,1
3153,Ga1.02Sb0.98Se0.06,1
3154,Ga0.7Al0.3As,1
3155,CuInCd2Te3,1
3156,Tl2TeBr6,1
3157,CuInS2,1
3158,CuNiC4N4,1
3159,BaGa2Se4,1
3160,Ga0.8Sb0.8Zn0.2Te0.2,1
3161,EuDy2Se4,1
3162,Tm4Sb2Se11.68,1
3163,MoO3,1
3164,RbHgSbTe3,1
3165,OsPSe,1
3166,Li0.2Na0.8AsSe2,1
3167,PbTe0.01Se0.99,1
3168,Pb0.93Sn0.07Se,1
3169,Al2S3,1
3170,BaV2SeO8,1
3171,La4FeSb2Se10,1
3172,B6P,1
3173,Ba5Ga6GeP12,1
3174,ErB6,1
3175,Ga0.99Sb0.99Zn0.01Te0.01,1
3176,TlCr5S6Se2,1
3177,AgScP2Se6,1
3178,YbAs,1
3179,Sb2Te3,1
3180,CdIn2S4,1
3181,BiSeBr,1
3182,In6Se7,1
3183,Ag0.5Eu1.75GeS4,1
3184,GaAs0.9P0.1,1
3185,ZnIn2Se4,1
3186,Na2BaSnSe4,1
3187,SbSI,1
3188,Cs2AgVS4,1
3189,MoTe2,1
3190,Pb6BBrO7,1
3191,EuIr4In2Ge4,1
3192,Pb0.85Se0.85Ge0.15Te0.15,1
3193,Na2ZnGe2S6,1
3194,LaCuOS,1
3195,PbSe,1
3196,Pb3O4,1
3197,K2Hg3Ge2S8,1
3198,CaSe,1
3199,Pb0.8Sn0.2Se,1
3200,BiSI,1
3201,CsCaBO3,1
3202,Ba8Sn4S15,1
3203,AgInSe2,1
3204,VO2,1
3205,CsCdInSe3,1
3206,Sm2Sn3Se9,1
3207,LaSb,1
3208,K6CdTe4,1
3209,Ag2PdO2,1
3210,BaAgSbS3,1
3211,Hg6As4CdBr6,1
3212,GaAs0.3P0.7,1
3213,Ba3CdSn2S8,1
3214,AsSb,1
3215,InSb,1
3216,InSb2S4Br,1
3217,AgLi0.33Sn0.67O2,1
3218,Li2MnGeS4,1
3219,Ag3Ga3SiSe8,1
3220,K0.8Hg1.2Sn2S8,1
3221,Bi1.8Te3Sb0.2,1
3222,Cs2Sb,1
3223,Nd10OSe14,1
3224,KCu2SbS3,1
3225,Li6Ga2Te8O22,1
3226,Hg7InS6Cl5,1
3227,BiOI,1
3228,Na2GdP2O8,1
3229,Ba3V2Se4O16,1
3230,Zn0.95S0.95Ga0.05P0.05,1
3231,Cu2Te,1
3232,GeAs2,1
3233,FeAsS,1
3234,InP,1
3235,Cu3VS4,1
3236,TaGaS2,1
3237,RhAs2,1
3238,Ca3BiP3O12,1
3239,BeSe,1
3240,BaSn2S5,1
3241,Pb0.97Se0.97Ge0.03S0.03,1
3242,SmSb2BO8,1
3243,CsYZnSe3,1
3244,Sn2S,1
3245,GaGeTe,1
3246,YbSe,1
3247,BaO,1
3248,CBr4,1
3249,La2O3,1
3250,Ga2Se3,1
3251,Ag2CdP2S6,1
3252,Ga0.01As0.01Zn0.99Se0.99,1
3253,K2Cd3S4,1
3254,PrSb,1
3255,PbSbO2Br,1
3256,Ba2InNdSe5,1
3257,CsCd4Ga5S12,1
3258,Rb2HgP2Se6,1
3259,KH3Se2O6,1
3260,AgBiP2Se6,1
3261,Ba2GaDySe5,1
3262,MgF2,1
3263,SiAs,1
3264,Zn0.99S0.99Ga0.01P0.01,1
3265,Ga0.5P0.5Zn0.5Se0.5,1
3266,KBaAsSe3,1
3267,CsSbSe2,1
3268,InS,1
3269,CdP2S4,1
3270,BiSe,1
3271,NiC2N2,1
3272,AgPbBiSe3,1
3273,OsAsS,1
3274,Rb6P3S15,1
3275,Er2O3,1
3276,RhSe2,1
3277,Bi2Te2.1Se0.9,1
3278,Nd3Te4,1
3279,Ge0.7Si0.3,1
3280,InSn2As2Se,1
3281,NaNbSe2O7,1
3282,Se0.6Te0.4,1
3283,In0.95As0.95Cd0.05Te0.05,1
3284,In4Se3,1
3285,K6Yb3P5S20,1
3286,In0.5Al0.5P,1
3287,GeP,1
3288,Nd2Sn3Se9,1
3289,TlInSe2,1
3290,KBiS2,1
3291,SmCuOSe,1
3292,Cs2CuP3S9,1
3293,Ba2AsGaSe5,1
3294,Ta0.67Zr1.33O1.89N1.63,1
3295,CsDy9Cd4Se18,1
3296,InSb0.9As0.1,1
3297,AlN,1
3298,NdAs,1
3299,AgInCd2Te3,1
3300,In0.93As0.93Cd0.07Te0.07,1
3301,SiTe2,1
3302,GeS2,1
3303,Ga0.01Sb0.01Cd0.99Te0.99,1
3304,Mg5B3O9F,1
3305,Al2Te3,1
3306,KAlGeS4,1
3307,CsCeCdSe3,1
3308,RuP4,1
3309,TcSe2,1
3310,InN,1
3311,LaSi2,1
3312,Ge0.06Si0.94,1
3313,KSb5S8,1
3314,Pb0.97Se0.97Sn0.03Se0.03,1
3315,AgI,1
3316,Hg0.6Cd0.4Se,1
3317,BaLa2In2Se7,1
3318,RbSbS2,1
3319,Ga0.75P0.75Zn0.25Se0.25,1
3320,La2ZrS5,1
3321,MgGeN2,1
3322,Bi2Te2.97Se0.03,1
3323,Ba2Cu2ThSe5,1
3324,BaReH9,1
3325,Hg3Te2Bi2Cl8,1
3326,Ta1.33Zr0.67O0.12N3.03,1
3327,ZnSnAs2,1
3328,Bi2O3,1
3329,Pb0.8Ge0.2Te,1
3330,BiI3,1
3331,Pb0.92Sn0.08Te,1
3332,BiTeNO6,1
3333,MnSi,1
3334,K2PdSe10,1
3335,CsCuSb2S4,1
3336,Li6Fe2Te8O22,1
3337,CsAg2TeS6,1
3338,KAg11V4O16,1
3339,Ce2Se3,1
3340,OsAs2,1
3341,La2MnNiO6,1
3342,GaAs0.7P0.3,1
3343,Li3PS4,1
3344,SrNd2S4,1
3345,Hg0.796Cd0.204Te,1
3346,Ba2GaGdSe5,1
3347,HgGa2S4,1
3348,TlCr5S3Se5,1
3349,Pb0.7Ge0.3Te,1
3350,HgSe,1
3351,CdI2,1
3352,GeAs,1
3353,Li3Bi,1
3354,EuIn2S4,1
3355,Rb3Sb2Br9,1
3356,SnO2,1
3357,LaS1.86Se0.14,1
3358,Ag2GeTe3,1
3359,Dy4S4Te3,1
3360,Ca2CdAs2,1
3361,Bi2Te0.9Se2.1,1
3362,TlAsS2,1
3363,P2Se3,1
3364,Ga0.8Al0.2P,1
3365,H6PtI6O20,1
3366,Li2In2SiS6,1
3367,HoN,1
3368,SnCl2,1
3369,CsInGeS4,1
3370,Ba5Ga4Se10,1
3371,KSbSe2,1
3372,In0.3Ga0.7P,1
3373,Rb2Cu2Sn2Se6,1
3374,RhSe3,1
3375,InSb0.6As0.4,1
3376,CdBr2,1
3377,CsLu7Se11,1
3378,Pb0.999Se0.999Sn0.001Se0.001,1
3379,Cs3W3PO13,1
3380,Lu2O3,1
3381,SrZrS3,1
3382,RbAg2SbS4,1
3383,Cd4Sb3,1
3384,Li2B6,1
3385,SbTeI,1
3386,K2ZnTe2,1
3387,AgSbTe2,1
3388,Pb6B2MoO12,1
3389,Eu3P2,1
3390,Zn0.2Ba2B2S5.2,1
3391,AgGaGe3Se8,1
3392,CuAlS2,1
3393,Ba3Dy2P4S16,1
3394,CuZn2InSe4,1
3395,PdSe,1
3396,Se0.5Te0.5,1
3397,Bi1Te3Sb1,1
3398,Cu0.05Ga1.95S2.95,1
3399,Pr2Ge2Se7,1
3400,CsSmCdSe3,1
3401,CuInSe2,1
3402,NaSbSe2,1
3403,La2CoVO6,1
3404,Tl4CuTeO6,1
3405,Sb5O7I,1
3406,HgBrCl,1
3407,RbGaSnSe4,1
3408,Na3MoO4F,1
3409,YFMoO4,1
3410,BaB2O4,1
3411,Na3Sb,1
3412,TaGaSe2,1
3413,Cu2CdSnS4,1
3414,KBr,1
3415,ZnAs2,1
3416,PrTe1.9,1
3417,Hg3S2Bi2Cl8,1
3418,PbI2,1
3419,AgInTe2,1
3420,TlGaS2,1
3421,FeSi2,1
3422,Ba2InSmTe5,1
3423,SmB6,1
3424,Ga0.99In0.01As,1
3425,Rb2Sn3Sb2S10,1
3426,BiOBr,1
3427,Mn11Si19,1
3428,HgTe,1
3429,Ba4Ga2Se8,1
3430,Mg2Ge,1
3431,Rb3Al3Ge7Se20,1
3432,SrTaO2N,1
3433,CoSbS,1
3434,Pb0.99TeTl0.01,1
3435,CsMn4In5Te12,1
3436,K3SmAs2S8,1
3437,EuAl2O4,1
3438,Cr2O3,1
3439,LiBr,1
3440,K3Ga3Ge7Se20,1
3441,Yb4Sb2S11.25,1
3442,Ca2Si,1
3443,Pb14B2O14Br6,1
3444,ReSe2,1
3445,DyTe1.45,1
3446,CsBr,1
3447,SbI3,1
3448,YbSb,1
3449,Cu0.05Ga1.95Se2.95,1
3450,Nd1.33Lu0.67S3,1
3451,LaIn3S6,1
3452,CsGaSn2Se6,1
3453,CsKP2Se8,1
3454,MgO,1
3455,SnTe,1
3456,CuCl,1
3457,IrP2,1
3458,Cu0.5Ga1.5S2.5,1
3459,YbGa2S4,1
3460,CuSmSe2,1
3461,InSb0.8As0.2,1
3462,Pb0.85Se0.85Sn0.15Te0.15,1
3463,Cd4P2Cl3,1
3464,SrCrO4,1
3465,RbBiSe2,1
3466,Ag2S,1
3467,Ag3AsS3,1
3468,Ag3SbS3,1
3469,AgGaSe2,1
3470,AgSbSe2,1
3471,AlP,1
3472,As2S3,1
3473,CdAs2,1
3474,CdGa2Se4,1
3475,CdP2,1
3476,CdS,1
3477,CdSb,1
3478,CdSe,1
3479,CdTe,1
3480,CuFeS2,1
3481,CuGaSe2,1
3482,Dy2S3,1
3483,GaN,1
3484,GaS,1
3485,GaSe,1
3486,GaTe,1
3487,GeSe,1
3488,In4Te3,1
3489,InAs,1
3490,InSe,1
3491,KI,1
3492,Mg3As2,1
3493,NaBiSe2,1
3494,PbS,1
3495,PbTe,1
3496,RbI,1
3497,Sb2S3,1
3498,SnS,1
3499,SnSe,1
3500,Tl2Te3,1
3501,TlCl,1
3502,TlSbS2,1
3503,Zn3As2,1
3504,ZnGeAs2,1
3505,ZnO,1
3506,ZnS,1
3507,Bi4PdSe4O12,1
3508,Cd3In2S2Te4,1
3509,SbSI,1
3510,Pb0.8Se0.8Ge0.2Te0.2,1
3511,Ag1.75InSb5.75Se11,1
3512,K2Dy2Ti3O10,1
3513,ZrS2,1
3514,CaTe,1
3515,GeI2,1
3516,InSb,1
3517,Ir0.67S2,1
3518,Pb2MnO4,1
3519,GaSe,1
3520,SrZnSO,1
3521,Ge0.653Si0.347,1
3522,InAs,1
3523,Cu2Ta4O11,1
3524,K4GeS4,1
3525,Ge0.6Si0.4,1
3526,AsI3,1
3527,Mg2Sn,1
3528,K2CsSb,1
3529,Ho2Mo3O12,1
3530,Li4HgGe2S7,1
3531,BaGa2GeS6,1
3532,InP,1
3533,TlBr,1
3534,SiB3,1
3535,PbTe,1
3536,RbI,1
3537,KSbS2,1
3538,SbSeBr,1
3539,As2Se3,1
3540,CoSb2,1
3541,Hg0.8Cd0.2Se,1
3542,Cu2Te,1
3543,LiMgN,1
3544,RbCuSb2S4,1
3545,Sb2O3,1
3546,ZnTe,1
3547,PbTe,1
3548,NaBiS2,1
3549,Hg6P6In2Cl9,1
3550,GaS,1
3551,Sn3WO6,1
3552,TlBr,1
3553,GaSe,1
3554,InSb,1
3555,CdSnO3,1
3556,Pb0.8Se0.8Sn0.2Te0.2,1
3557,CuGaS2,1
3558,PrF3,1
3559,Ru2Ge3,1
3560,SmTe,1
3561,CsZn2B3O7,1
3562,Ga0.9Sb0.9Cd0.1Te0.1,1
3563,NH7Se2O6,1
3564,TlBr,1
3565,KPSe6,1
3566,ZnS,1
3567,Ga0.85Al0.15As,1
3568,GaAs,1
3569,Ga0.05P0.05Zn0.95Se0.95,1
3570,KFeCuTe2,1
3571,AsBr3,1
3572,Zn0.5Hg0.5Se,1
3573,Ga0.7In0.3As,1
3574,Bi2S3,1
3575,TlBr,1
3576,ReS2,1
3577,CdMoSb4O10,1
3578,PbCl2,1
3579,Ga1.002Sb0.998Se0.006,1
3580,As2O3,1
3581,InSb,1
3582,Na2BaGeS4,1
3583,Ba2GaDyTe5,1
3584,NaB15,1
3585,AlP,1
3586,Bi2Te2.97Se0.03,1
3587,AgBiS2,1
3588,SnGa2GeS6,1
3589,InS,1
3590,NiTe,1
3591,TlSe,1
3592,Pr2YbCuS5,1
3593,KInSnS4,1
3594,GaAs,1
3595,Mn15Si26,1
3596,La2O2MnSe2,1
3597,Er3Te4,1
3598,RbTbSe2,1
3599,Zn0.5Cd0.5Se,1
3600,Na2Ge2Se5,1
3601,PbCrO4,1
3602,Ag0.5Pb1.75GeS4,1
3603,CsEr9Cd4Se18,1
3604,CdCl2,1
3605,ReS2,1
3606,Cu3TaS4,1
3607,Pb0.99Sn0.01Se,1
3608,GaTe,1
3609,AgCd3PS6,1
3610,Cu3YTe3,1
3611,TlInSe2,1
3612,Bi2Te2.7Se0.3,1
3613,CuGaTe2,1
3614,K2HgP2Se6,1
3615,Tl2PrInSe4,1
3616,Gd2ZrS5,1
3617,Pr2S3,1
3618,PbBiO2Br,1
3619,YbS,1
3620,K6Cd4Sn3Se13,1
3621,Pb0.75Ge0.25Te,1
3622,CdSb,1
3623,BeTe,1
3624,Pb0.96TeGa0.04,1
3625,NdLuSe3,1
3626,Bi6Cu3S10I,1
3627,LiH3Se2O6,1
3628,BaLa2In2S7,1
3629,Li3Cs2B5O10,1
3630,TlScS2,1
3631,InSe,1
3632,SbSBr,1
3633,Zn0.75Hg0.25Se,1
3634,K2Ge4Se8,1
3635,CdSiP2,1
3636,ZnGeN2,1
3637,KAsSe2,1
3638,GaN,1
3639,Cu2Te,1
3640,Dy2Mo3O12,1
3641,Li2PtO3,1
3642,PbSe0.01S0.99,1
3643,Si2Te3,1
3644,Eu2SnSe5,1
3645,Ba6Sn6Se13,1
3646,As2S6,1
3647,Rb2CdBr2I2,1
3648,Cu2Ga4Te7,1
3649,Ba2In2Se5,1
3650,Cs3Sb2I9,1
3651,Cu3SbSe4,1
3652,Ag0.5Pb1.75GeSe4,1
3653,Pr2S3,1
3654,Sr2V3Se5O18,1
3655,InSe,1
3656,Nd2HfS5,1
3657,Nb6VSb3O25,1
3658,TeSe3,1
3659,Na2Ga2SnS6,1
3660,Sn2BiSI5,1
3661,Ag3SbS3,1
3662,TlS,1
3663,K10Mn4Sn4S17,1
3664,GaSb,1
3665,Bi2Te2.7Se0.3,1
3666,PtSb2,1
3667,AgGaGeS4,1
3668,KCu2SbS3,1
3669,TiCoSb,1
3670,InS,1
3671,Ag3SbS3,1
3672,PrTaN2O,1
3673,Pr2Sr2PtO7.07,1
3674,InSb,1
3675,KBiS2,1
3676,Cs4In8GeSe16,1
3677,Tl6CuTe2O10,1
3678,InPS4,1
3679,BaCuTeF,1
3680,Ge0.2Si0.8,1
3681,Ba5In4Te4S7,1
3682,CsMn4In5Se12,1
3683,CuInSe2,1
3684,PbN6,1
3685,LiSbS2,1
3686,GeS,1
3687,AlSb,1
3688,Be3N2,1
3689,AlSb,1
3690,Cs39Cl6Ga53Se96,1
3691,Zn0.43Cd0.57Se,1
3692,Ag2SnS3,1
3693,AlP,1
3694,Cu0.4Ga1.6S2.6,1
3695,Cs3Bi2I9,1
3696,Tl3TaS4,1
3697,PbS,1
3698,Be3Sb2,1
3699,V2O5,1
3700,Cu3SbS4,1
3701,BiSeI,1
3702,CuYO2,1
3703,TlCr5S7Se,1
3704,GaVTe2O8,1
3705,CdS,1
3706,Zn0.65Hg0.35Se,1
3707,Pb0.95Ge0.05Se,1
3708,V2O5,1
3709,NaF,1
3710,Bi12SiO20,1
3711,VTeO5H,1
3712,CdAs2,1
3713,CsMn4Ga5Te12,1
3714,CsI,1
3715,Yb2O3,1
3716,Ba2InCeTe5,1
3717,CdTe,1
3718,In0.2As0.2Ga0.8P0.8,1
3719,CuI,1
3720,PbCuSbS3,1
3721,Ba2CdB6O12,1
3722,Sn2BiS2I3,1
3723,GeSe,1
3724,As2Te3,1
3725,Sm2S3,1
3726,GaN,1
3727,Y2O3,1
3728,GaSb,1
3729,GaSe,1
3730,PbSe,1
3731,Ag2VI3O11,1
3732,GaN,1
3733,LiSbSe2,1
3734,InSb,1
3735,Cs2ZnSn3Se8,1
3736,Zn4Sb3,1
3737,TlInSe2,1
3738,Eu2Ga2GeS7,1
3739,TlHg6Se4Br5,1
3740,AlP,1
3741,La2Sr2PtO7.13,1
3742,KCu3S2,1
3743,CuInS2,1
3744,RuP2,1
3745,SnGe,1
3746,Hg0.9Cd0.1Se,1
3747,Cu2O,1
3748,CdCuSe2O6,1
3749,PbTe,1
3750,AgP15,1
3751,SmSb,1
3752,IrAs2,1
3753,PbTe0.5Se0.5,1
3754,KScSe2O6,1
3755,CdGeP2,1
3756,Cu2Ta4O11,1
3757,ReS2,1
3758,Pr4InSbSe9,1
3759,Cd0.6Te0.6Al0.4Sb0.4,1
3760,Cu2Ta11O30,1
3761,Tl2TeI6,1
3762,La10OSe14,1
3763,NaNO2,1
3764,K2La2Sb2S9,1
3765,AgPdI3O9,1
3766,Bi2Mo3O12,1
3767,Se0.2Te0.8,1
3768,Ga0.2Al0.8P,1
3769,Ag3SbS3,1
3770,InSb0.2As0.8,1
3771,ZnSe,1
3772,MnAl3,1
3773,InN,1
3774,TaGaS2,1
3775,CuBr,1
3776,MgSe,1
3777,EuTm2Se4,1
3778,BaTeMo2O9,1
3779,Mg3N2,1
3780,Ba2InSbSe5,1
3781,TiTlSe2,1
3782,Ca3La2Sn3S12,1
3783,Cs2PtI6O18,1
3784,BiSI,1
3785,EuCu2SnS4,1
3786,GaSe,1
3787,Na2BaGeSe4,1
3788,ZnS,1
3789,Sr3GeSb2Se8,1
3790,K2Ho4Cu4S9,1
3791,La2CoTiO6,1
3792,In0.8Al0.2P,1
3793,Zn3As2,1
3794,Cu2ZnSnSe4,1
3795,Ga0.1P0.1Zn0.9Se0.9,1
3796,LiBi4Nb3O12,1
3797,K3Ga3Ge7S20,1
3798,K2Au2Sn2Se6,1
3799,TlCl,1
3800,TcS2,1
3801,SnO,1
3802,GaTe,1
3803,GaAs0.75Sb0.25,1
3804,BaIr2Ge4Se6,1
3805,KInTe2O6,1
3806,ZnSnO3,1
3807,Mg2Sn,1
3808,Ca5Bi14O26,1
3809,Ga1.001Sb0.999Te0.003,1
3810,YNiSb,1
3811,SrO,1
3812,Gd6Ge2.5S14,1
3813,KZrPSe6,1
3814,Ba5CdGa6Se15,1
3815,Ag3SbS3,1
3816,MnTe,1
3817,Ag2S,1
3818,Ag3AsS3,1
3819,Ag3SbS3,1
3820,AgGaSe2,1
3821,AgGaSe2,1
3822,AgSbSe2,1
3823,AlP,1
3824,AlP,1
3825,As2S3,1
3826,As2S3,1
3827,As2S3,1
3828,Bi0.6Te3Sb1.4,1
3829,CdAs2,1
3830,CdGa2Se4,1
3831,CdGa2Se4,1
3832,CdP2,1
3833,CdS,1
3834,CdSb,1
3835,CdSe,1
3836,CdSe,1
3837,CdTe,1
3838,CdTe,1
3839,CdTe,1
3840,CuFeS2,1
3841,CuGaSe2,1
3842,Dy2S3,1
3843,GaAs,1
3844,GaAs,1
3845,GaAs,1
3846,GaAs,1
3847,GaAs,1
3848,GaN,1
3849,GaS,1
3850,GaS,1
3851,GaSe,1
3852,GaSe,1
3853,GaTe,1
3854,GaTe,1
3855,GeSe,1
3856,GeSe2,1
3857,In4Te3,1
3858,InAs,1
3859,InAs,1
3860,InAs,1
3861,InAs,1
3862,InSe,1
3863,InSe,1
3864,InSe,1
3865,InSe,1
3866,KI,1
3867,Mg3As2,1
3868,NaBiSe2,1
3869,PbS,1
3870,PbS,1
3871,PbTe,1
3872,RbI,1
3873,Sb2S3,1
3874,Sb2S3,1
3875,Sb2S3,1
3876,SnS,1
3877,SnS,1
3878,SnSe,1
3879,Tl2Te3,1
3880,Tl2Te3,1
3881,TlCl,1
3882,TlSbS2,1
3883,Zn3As2,1
3884,Zn3As2,1
3885,ZnGeAs2,1
3886,ZnO,1
3887,ZnS,1
3888,ZnS,1
3889,ZnSe,1
3890,ZnSnP2,1
3891,ZnTe,1
3892,ZnTe,1
3893,ZnTe,1
3894,ZnSe,1
3895,ZnSnP2,1
3896,ZnTe,1
3897,AgCNO.65,0
3898,Al13Ru4,0
3899,SiTe2Os,0
3900,HoMg2,0
3901,UAl4,0
3902,SmCoC2,0
3903,Ag9Pb4O12,0
3904,NaZr2TiF11.12,0
3905,ScRh,0
3906,HoSi2Pt2,0
3907,Li3VOF5.1,0
3908,Ti2ZnS4,0
3909,KV6O11,0
3910,ErMg2,0
3911,CsAs2Ru2,0
3912,In2Pt,0
3913,Rh3Pb,0
3914,Ba3CrS5,0
3915,Si2SbO6,0
3916,ReBiO3,0
3917,MgSc,0
3918,Cu10Sb3,0
3919,Ce2Ti2O7,0
3920,Sr8Fe3N8,0
3921,Re3P4,0
3922,TiPO4,0
3923,SrCd,0
3924,NbOsPb,0
3925,ZrGeRu,0
3926,Y2Ru2O7,0
3927,La2Rh7,0
3928,Hf4Al3,0
3929,Dy2TlCd,0
3930,SrNi5As3,0
3931,Cr2SbTe,0
3932,DyNiSn,0
3933,Zn2SnN2,0
3934,TiAlAu2,0
3935,Dy5Sn3,0
3936,Yb2MgS4,0
3937,Mg2RhAu,0
3938,CeSi2Pt,0
3939,NdAu3,0
3940,Li3Mo2P5O18.2,0
3941,Tl16O15F17,0
3942,DySi2Cu2,0
3943,Ga5Pd13,0
3944,CeTl3,0
3945,Ni3S4,0
3946,Sr2MgReO6.225,0
3947,NaLu(Pd3O4)2.200,0
3948,Na2Tl,0
3949,Tc3Pd,0
3950,Ce3Ta(ClO2)3.176,0
3951,BaAlCu4O7.186,0
3952,CrSiCu2,0
3953,Nd4MgRu,0
3954,Hf5CuPb3,0
3955,Lu2Mn12P7,0
3956,DyBiPt,0
3957,CrNiAs,0
3958,ZrMo3,0
3959,Cu4Pd,0
3960,Li2Ga,0
3961,La3B2N4,0
3962,Mg9CuO10,0
3963,Au3S,0
3964,RbCd13,0
3965,TbBa2IrO6.225,0
3966,Cu9O13,0
3967,Ni2PO5,0
3968,SrV13O18,0
3969,NaNi2O3,0
3970,Th2CrN3,0
3971,Sc5Bi3,0
3972,Hf3P3Pd4,0
3973,Mg17Al11Pd,0
3974,EuZn,0
3975,ReRuOs,0
3976,Y2Ge5Ir3,0
3977,Zr3Ir,0
3978,Li4Cu(PO4)2.7,0
3979,Sm2Fe17,0
3980,Ni2Mo3N,0
3981,Li5Fe2Ni3O10.2,0
3982,NaSi2Pd3,0
3983,Y3Ge4,0
3984,Mg2AgIr,0
3985,ThAl,0
3986,NdInAu,0
3987,Sc2GaIr,0
3988,GdInIr,0
3989,GePt2,0
3990,LiGaAg2,0
3991,YbH3O3,0
3992,ThPSe,0
3993,SmAg,0
3994,Cr10Sb3Te7,0
3995,ZrAl5Ni2,0
3996,ZrPd3,0
3997,Te2Au,0
3998,Sm6Br13,0
3999,Ba5Ge3,0
4000,La2Si5Rh3,0
4001,Nd2IrPd,0
4002,Ag7NO11,0
4003,V6PbO11,0
4004,Nd3Ge5,0
4005,ReIr3,0
4006,ZrNiSn,0
4007,MgAs4Rh6,0
4008,CeSbO3,0
4009,NdCo2Si2,0
4010,Nd5Ge4,0
4011,Rb3Mn,0
4012,Ba5Al2Ge7,0
4013,LiThAu2,0
4014,Sn5B2Rh6,0
4015,Tl2CdTe4,0
4016,EuCsF3,0
4017,YbNd3,0
4018,LiV3O4,0
4019,Ag3RuO4,0
4020,LiAlRh2,0
4021,LaAl4,0
4022,PrMo3,0
4023,KOs2O6,0
4024,Rb5Tl3O,0
4025,YCu3(WO3)4.2,0
4026,La5SmS8,0
4027,Eu2Ga9Rh3,0
4028,USi2Ni2,0
4029,RbMnTe2,0
4030,MnSbPd,0
4031,Ti13S24,0
4032,Sm2CuAs3O.62,0
4033,FePd2Se2,0
4034,SiBi3O7,0
4035,Al2Cu3Se6,0
4036,Sm2Pd2Pb,0
4037,CaZn3,0
4038,U2AlCo3,0
4039,LiSn4Ir,0
4040,PmSnRh2,0
4041,HfSiPt,0
4042,ScSi3Ni,0
4043,YHg2,0
4044,Ag9Ge2IO8.12,0
4045,U2Al3C4,0
4046,Li2Ni2SbO6.64,0
4047,Th2In,0
4048,Ti2NiH,0
4049,Te2MoWS2.164,0
4050,SrAl,0
4051,Ca3Sn2S7,0
4052,VCu3(PO4)4.6,0
4053,RbU2SbS8.8,0
4054,YMgGa,0
4055,Ni3Ge,0
4056,Ca6Cu2Sn7,0
4057,Co3W,0
4058,YbAgGe,0
4059,YSi2Ru2,0
4060,LaIn,0
4061,Re3F,0
4062,NdAgPb,0
4063,Sr2ZnReO6.87,0
4064,Mn3Cr3(TeO8)2.8,0
4065,Sc3Re2Si4,0
4066,GdNi2Ge2,0
4067,CaVO2,0
4068,ICl2,0
4069,Ba3Te,0
4070,NdSi2Ir2,0
4071,MnTcOs,0
4072,B5Mo2,0
4073,Zn3Cu,0
4074,Yb3Ti3O14,0
4075,Li2MnO2F.63,0
4076,Nd3Ni13B2,0
4077,InPt,0
4078,CuSeO3,0
4079,CaTiO2,0
4080,NaLi3,0
4081,VTc,0
4082,LiY(CuP)2.164,0
4083,LiMnP2O7.11,0
4084,U5Ge3,0
4085,YZn5,0
4086,Li4FeNi3O8.2,0
4087,NdMnSbO.129,0
4088,TiFe2Sb,0
4089,EuMg2Bi2,0
4090,KCuPO4.61,0
4091,PrLuIn2,0
4092,Rb2FeI4,0
4093,Ba3ZrRu2O9.194,0
4094,Gd3Al2Ni6,0
4095,LaAl12O19,0
4096,FePd3,0
4097,Na2Ti2Sb2O.139,0
4098,LiCa2Mg,0
4099,TiFeH2,0
4100,BaMnO3,0
4101,YDyAg2,0
4102,ReSn3,0
4103,Cu25Se26,0
4104,Ag2BBr,0
4105,HoCu4Pd,0
4106,CsIrO3,0
4107,Cs2Mo15S19,0
4108,Zr2CuS4,0
4109,Mn5Ge2,0
4110,KTm,0
4111,Fe2O2F3,0
4112,La2Ni5B4,0
4113,LaIn2Ir,0
4114,Cs5Mo21Se23,0
4115,Ti4ZnO8,0
4116,Yb5Au4,0
4117,Tl5Te3,0
4118,K2Mn3S4,0
4119,Sb2Te,0
4120,ZnSb3,0
4121,GaFeNi2,0
4122,Ho3Hg,0
4123,ErCu2Ge2,0
4124,CeBC,0
4125,V12P7,0
4126,LiMnO2,0
4127,Dy12Co7,0
4128,Sc5Pb3,0
4129,LiCu2Ge,0
4130,Cu3Se2(ClO3)2.12,0
4131,SmHoZn2,0
4132,LiCu3O3,0
4133,BaAs2Pd2,0
4134,Pm2PtAu,0
4135,CeInIr,0
4136,Dy2CuOs,0
4137,Y2C3,0
4138,NaZrCuTe3.62,0
4139,HoMgAu2,0
4140,La2B4Rh5,0
4141,CuCN2,0
4142,La4In5S13,0
4143,YB2C,0
4144,PW5O17,0
4145,RbC8,0
4146,YErRh2,0
4147,MnP2,0
4148,BSe2Cl,0
4149,LaV,0
4150,FeSn,0
4151,Nb3Te,0
4152,Lu7Ni2Te2,0
4153,MgSbF6,0
4154,Li2Ni3O6,0
4155,CrNiP2O9.62,0
4156,HoGe,0
4157,AgAu2S2,0
4158,ThRu3C,0
4159,Sn5B2Ir6,0
4160,Na2VCuF7.62,0
4161,NaTi5Se8,0
4162,Yb3Tc,0
4163,Cr2GeC,0
4164,HoTiGe,0
4165,Ca3Au4,0
4166,ZnIrO3,0
4167,HoCdCu4,0
4168,MgInAg2,0
4169,Cu23Sb8S26,0
4170,Lu2TlCd,0
4171,Ti2TcPd,0
4172,Na2SO4,0
4173,Al6Ru,0
4174,DyIr2,0
4175,Nb3Bi,0
4176,Mn3Al10,0
4177,ScCu2,0
4178,YbGa8Co2,0
4179,YbSi2Ag2,0
4180,CaTi4O8,0
4181,Na5Cu7O13,0
4182,TbFe4P12,0
4183,NdSb,0
4184,Sm4U4O17,0
4185,Ba3CaRu2O9.194,0
4186,LiSnAu,0
4187,DyZnRh2,0
4188,CoAsRh,0
4189,Sm2AgRu,0
4190,MnCu2Sn,0
4191,K3UF3,0
4192,Sm2AlCd,0
4193,Na2Cr7O14,0
4194,TlSn,0
4195,LuC2,0
4196,TlCoBi,0
4197,UAl3,0
4198,Er2Ga9Co3,0
4199,Nb3Ru,0
4200,FeP,0
4201,La2Pr2O7,0
4202,V2TcRu,0
4203,NdRe4Si2,0
4204,CaAg2Ge2,0
4205,HfCo2Si2,0
4206,LaSi2Ru,0
4207,Rb3Sm,0
4208,Si2Ni6B,0
4209,LiTlPd2,0
4210,Ga2NiS4,0
4211,CsTiCl3,0
4212,ZrNi4P2,0
4213,FeAg3(CN)6.162,0
4214,Bi2O5,0
4215,FeAs2O7,0
4216,Ce2SiSeO4.57,0
4217,PrFeGe2,0
4218,LiTiSiO4.63,0
4219,TbPt,0
4220,Tm2In,0
4221,YbRh2,0
4222,Sm3Al,0
4223,TmAu,0
4224,Sc2Al3Ru,0
4225,U3Se4,0
4226,Ce5Si3,0
4227,Pm2LiGa,0
4228,SmBPd3,0
4229,Mg5Ti13O30,0
4230,ZrSiTe,0
4231,HoNiGe,0
4232,LuSiIr,0
4233,KRuO4,0
4234,KAgF3,0
4235,Al9Ir2,0
4236,ZrRh,0
4237,SmCrGe3,0
4238,Ba2LiFe2N3.15,0
4239,Hf3Ni4Ge4,0
4240,Na3In2Au,0
4241,La2In,0
4242,P2H12N7Cl.2,0
4243,Nd3Ge2Ru2,0
4244,Ho4Ga16Co3,0
4245,Ta22Cu3S36,0
4246,Ti3PO7,0
4247,Te3MoWS.156,0
4248,TaF3,0
4249,YbSn2Pd,0
4250,LiLu2Ru,0
4251,Nb4Co2PdSe12.12,0
4252,Mg3Mn2Al18,0
4253,Pr2Ir2O7,0
4254,Li8PrO6,0
4255,DyInAu,0
4256,Yb2SrS4,0
4257,Sc4Ge6Rh7,0
4258,Na2In5Au6,0
4259,CeCo2As2,0
4260,EuPPt,0
4261,Co5Ge7,0
4262,HoMn6Sn6,0
4263,Li17Ti20O40,0
4264,YSiRu,0
4265,SmAu3,0
4266,SiHg3,0
4267,CdPt,0
4268,HoBi2O6,0
4269,PmCdPd2,0
4270,Tm2ZnGa,0
4271,Al2CoIr,0
4272,MgCo2(PO5)2.70,0
4273,Sn3P3O13,0
4274,ScTi9N9,0
4275,BaZn5,0
4276,Ge5Te8As2,0
4277,Hf3Sb,0
4278,Hf2Al3C4,0
4279,BaB2Rh2,0
4280,Zn3N2,0
4281,Ba2Ce2O5,0
4282,LiAl2Tc,0
4283,Zr2In5Ni,0
4284,LuUO3,0
4285,U2Zn17,0
4286,CeAgSn,0
4287,Ho2CuRh,0
4288,Ba2Cu5F14,0
4289,Sr2Cu(ClO)2.139,0
4290,YbLaZn2,0
4291,ZrNiGe,0
4292,Zr7Sb4,0
4293,DyGe2Ru2,0
4294,Mg2PdAu,0
4295,BaNi2P4,0
4296,RbNa2NiO2.139,0
4297,HoMgZn2,0
4298,Ba4Si20Au3,0
4299,HgPt,0
4300,Hf2S,0
4301,CrAs,0
4302,MgCuSn,0
4303,YbIn4Ni,0
4304,Sm2IrPd,0
4305,Dy2Sn5,0
4306,MgFe4O8,0
4307,LiLu2Tc,0
4308,ThSi2Ru2,0
4309,USeS,0
4310,Er2C3,0
4311,Pr3Al4Si6,0
4312,TmBRh3,0
4313,Li5Mn3(FeO5)2.2,0
4314,DySn3,0
4315,EuSbO3,0
4316,Tm3Ge4Pd4,0
4317,Li3Ni(SbO3)4.1,0
4318,DyFeSi,0
4319,Ta3P,0
4320,YbBa4(CuO3)3.223,0
4321,NdCo2Ge2,0
4322,Lu2Al3Co,0
4323,Yb3Al5O12,0
4324,CoMoP2,0
4325,Ce5CuSe8,0
4326,TbCo2B2,0
4327,ErRu3,0
4328,Al2Ru,0
4329,MnCdO2,0
4330,Rb3Ga,0
4331,U3Ni3Sn4,0
4332,TbAl8Fe4,0
4333,LuCdAg2,0
4334,Cr7C3,0
4335,BePd3,0
4336,LiAlB4,0
4337,LuBPd3,0
4338,Ca5Ir,0
4339,Ho2Au,0
4340,ThPd3,0
4341,Th6Mg23,0
4342,Ca3Ga2Pt2,0
4343,PrGaAu2,0
4344,Sm2In,0
4345,Mo3Pd2N,0
4346,Y2AlZn,0
4347,SmIn2Rh,0
4348,Na3W4O12,0
4349,Al9Rh2,0
4350,PH2NO2.67,0
4351,Li6Mn5FeO12.12,0
4352,CoH2(SN)4.14,0
4353,Ba3PN,0
4354,Zr5Al3C,0
4355,Li3Mn3WO8.166,0
4356,LiFe2(SiO4)2.1,0
4357,Sc6Te2Os,0
4358,NaBi3,0
4359,TmCu2S2,0
4360,Ce2Al2Co15,0
4361,LaSi2Ru2,0
4362,AgW6Br14,0
4363,Ba3Co10O17,0
4364,LuScRh2,0
4365,LaBPt3,0
4366,Li5Mn5(SbO6)2.5,0
4367,Be12Pt,0
4368,LaZnAu2,0
4369,CsScBr3,0
4370,ErSiPd,0
4371,SmSnPd,0
4372,Hg2Rh,0
4373,Eu2BaMn2O7.63,0
4374,Mg2GeB2Rh5.127,0
4375,KHg11,0
4376,NdSmHg2,0
4377,PrInAu2,0
4378,Li3Co4O8,0
4379,CdRhF6,0
4380,UCo2Ge2,0
4381,Tb3Ge5,0
4382,Yb2HgPb,0
4383,YSi2Cu2,0
4384,Li4VF7,0
4385,MgIn3,0
4386,CeMg2Ag,0
4387,KNb2Se,0
4388,Fe4O7F,0
4389,EuCu9Sn4,0
4390,La2CuO4,0
4391,CaCo4S8,0
4392,MnCoSi,0
4393,GdGeRu,0
4394,Al10V,0
4395,EuPd,0
4396,YbMn2As2,0
4397,Ni23B6,0
4398,Gd2AlCo2,0
4399,U2Cr30P19,0
4400,YbI3O9,0
4401,BiAs2Os,0
4402,Yb4Ba3O9,0
4403,ZnFe2N2,0
4404,Zr6NiCl15,0
4405,Er5Si3,0
4406,Hg2Sb2O7,0
4407,Co5RuO8,0
4408,ScGe2,0
4409,Li3Si3Ag2,0
4410,Dy4CdRh,0
4411,BeGaRh2,0
4412,Ba3NaIrO6.167,0
4413,ScZn2,0
4414,Mg3Rh,0
4415,Sr3Sn4Ir4,0
4416,TiMn2Ge,0
4417,Sc6FeSb2,0
4418,Pm2LiAl,0
4419,Hf2Fe,0
4420,Cr3Ni(PO4)6.146,0
4421,PrAu,0
4422,TmMgAg2,0
4423,Ho5Ge10Rh4,0
4424,SrNi2(PO4)2.2,0
4425,TaAl3,0
4426,CeB2Ir3,0
4427,Hf6PbO18,0
4428,LiLa2IrO6.14,0
4429,FeCo2Si,0
4430,Ca2CdPb,0
4431,YAlGe,0
4432,ZrAlRu2,0
4433,YbBO3,0
4434,In11Cu9Se20,0
4435,TmIn3,0
4436,UGeRh,0
4437,MgTi11O20,0
4438,TbNi4P2,0
4439,TmAu2,0
4440,YbSi2Ni,0
4441,HoSb2,0
4442,AlFe2Si,0
4443,Li3Mn2CuO6.12,0
4444,Li7Mo12S16,0
4445,V5SiB2,0
4446,ThIr5,0
4447,Li2Fe3NiO8.160,0
4448,Tb2Ti3Ge4,0
4449,TiCoSn,0
4450,Hf5Te4,0
4451,Y3GaCo3,0
4452,Ge3Sb,0
4453,SmSb2,0
4454,Dy12C6I17,0
4455,Ti2TcNi,0
4456,TbP,0
4457,Sr8Mn3N9,0
4458,LiZr2Os,0
4459,Mg3Al9FeSi5.189,0
4460,Co3H,0
4461,Tb3Mn2C6,0
4462,U11O5,0
4463,ThMn2Ge2,0
4464,TaNiB2,0
4465,TmBPd3,0
4466,Ti2Cd,0
4467,Ba3Al2Ge2,0
4468,DyZrSb,0
4469,Ti11O18,0
4470,Tb2AlCo2,0
4471,Zn2Sb3O8,0
4472,YH2,0
4473,Nb3In,0
4474,Li2PrP2,0
4475,LaAl4Co,0
4476,Ba3N2,0
4477,SrCuBi,0
4478,Yb11Ni60C6,0
4479,NaAsO3,0
4480,Li3Cu4NiO8.12,0
4481,TbSnAu,0
4482,USbSe,0
4483,LiMnSiO4.63,0
4484,RbTiBr3,0
4485,Ti3Fe3O,0
4486,Te2Pd3Pb2,0
4487,Li4Fe3NiO8.166,0
4488,Hf2MnIr,0
4489,ZrW2,0
4490,Ti3Cu3O,0
4491,La2Sn5Rh3,0
4492,Mn2GaW,0
4493,CaZn5,0
4494,Ag2P2PbO7.2,0
4495,RbHg3,0
4496,Li23Mn20As20,0
4497,UFe5Si3,0
4498,Hf5Sn4,0
4499,Li3Ni2(GeO4)3.230,0
4500,Fe6O7F5,0
4501,HoB2Rh3,0
4502,LiSn(PO3)4.15,0
4503,Ti4O5,0
4504,Ni2Mo4N,0
4505,PrIn,0
4506,YNi4B,0
4507,LiZn(Fe5O8)2.160,0
4508,Nb5Ge3,0
4509,Ba2ReNiO6.225,0
4510,SmTh3,0
4511,CrIrO4,0
4512,CuPd,0
4513,YMg4Cu,0
4514,Ho3Ge5,0
4515,HfFe2,0
4516,LuAl2Pd5,0
4517,Na19Zr11S30,0
4518,Li2CuF6,0
4519,Sm4MgRh,0
4520,Zn8Ag5,0
4521,Cu3Bi4I16,0
4522,TbInAg2,0
4523,W3O7F,0
4524,YbAl3,0
4525,Lu2CdAg,0
4526,HoAlAu2,0
4527,LaP3,0
4528,LaScSi,0
4529,U2Re2C3,0
4530,Na5Fe6(SiO3)12.5,0
4531,HgIrO3,0
4532,TbNiGe2,0
4533,V2Sb(PO4)3.167,0
4534,ErPbAu,0
4535,Hf2Hg,0
4536,Ca3BiSb,0
4537,CsWCl6,0
4538,TiGaIr2,0
4539,HoB4,0
4540,LiTm2Ru,0
4541,Ti2CoGe,0
4542,Tm3GaC,0
4543,Nd4O3F7,0
4544,LiCa2Ga,0
4545,LaFe4As12,0
4546,Ho3AlC,0
4547,CaB2C2,0
4548,YSi2Pt2,0
4549,Sc2FeB2Ir5.127,0
4550,U3Bi4,0
4551,EuSnO3,0
4552,EuMn2Ge2,0
4553,EuNi12B6,0
4554,NdErTl2,0
4555,MnCu3,0
4556,LiAlGe,0
4557,ZrHCl,0
4558,SrAg,0
4559,YbAl2Ga2,0
4560,Nb2Sb,0
4561,Ba2LaIrO6.12,0
4562,MgScAg2,0
4563,Fe10O9F11,0
4564,YbAl2Ge2,0
4565,TmSb,0
4566,TiV4CuO12.5,0
4567,RbTmO3,0
4568,Ce8U2O21,0
4569,Dy2ZnIn,0
4570,Li2Fe3NiO8.212,0
4571,ZnCrO2,0
4572,Li2Ti3FeO8.160,0
4573,Sc3BPb,0
4574,TaCoSn2,0
4575,TiTc2Sb,0
4576,Li3V12O29,0
4577,Nd2CdIn,0
4578,Na8PO3,0
4579,BeFe2Si,0
4580,CuP2(HO3)2.14,0
4581,U2Ti,0
4582,DyAgHg2,0
4583,Al4Cu2O7,0
4584,CeSI,0
4585,BaMn4ZnO8.162,0
4586,Ce2Fe17,0
4587,HoTiO3,0
4588,Zr3Al4C6,0
4589,Li7Ni11O22,0
4590,Cr2HgSe4,0
4591,Ho5Si4,0
4592,CeCo4B4,0
4593,Li2LaTl,0
4594,TbNiO3,0
4595,Ga3Pt2,0
4596,Mn3V2(SiO4)3.230,0
4597,LaMg(FeO3)2.31,0
4598,YbGeRh,0
4599,CaCu5,0
4600,SmC10,0
4601,ThSi2Ru3,0
4602,Zr3Hg,0
4603,Ga9Rh2,0
4604,CaInAu,0
4605,Nb3IrSe8,0
4606,UCoSi,0
4607,DyBiPd,0
4608,LaIn4Au2,0
4609,LiAl3,0
4610,EuZn2Ge2,0
4611,VAg(PSe3)2.5,0
4612,Y2Fe2Si2C.12,0
4613,La3ZrSb5,0
4614,Sr2GeN2,0
4615,VFeRu2,0
4616,U4N7,0
4617,Al6Fe,0
4618,Cs2SeClF6.225,0
4619,Hf5Si4,0
4620,MnCo4O8,0
4621,LiMg2Ag,0
4622,Ba3Nb2CoO9.164,0
4623,Na2LiTa,0
4624,CaNi5,0
4625,Yb23Mg4Cu7,0
4626,CdAg,0
4627,PrGeAu,0
4628,KNb2O5,0
4629,LaHg,0
4630,V3Si,0
4631,ScAlNi2,0
4632,Sm3Zr,0
4633,ZnWO2,0
4634,Zr2HBr2,0
4635,InPt3C,0
4636,BaLa2CoS5.140,0
4637,SrZnSb2,0
4638,Ta6Ni16Ge7,0
4639,Ca5Au2,0
4640,Rb2NaVF6.225,0
4641,Hf54Os17,0
4642,Rb4Si2CuO7.2,0
4643,HoCd,0
4644,Cd2PbO4,0
4645,SrSbAu,0
4646,Na3Re,0
4647,Mg4Sc3(SiO3)8.3,0
4648,Li5Co2O2F5.139,0
4649,SmHgPd,0
4650,NaFe2(SiO3)4.5,0
4651,BeCu,0
4652,PrSm3,0
4653,YbZnAu2,0
4654,InSiTe3,0
4655,HgPt3,0
4656,Yb2InPd2,0
4657,Li11Mn13O32,0
4658,YScO2,0
4659,Sb2XeF14,0
4660,LiNiP2O7.15,0
4661,AlSn,0
4662,Li3C,0
4663,VP,0
4664,ZrSe,0
4665,RbPdF3,0
4666,DyInCu2,0
4667,Zr5Sb3,0
4668,La2PdO4,0
4669,ZrInRh2,0
4670,TiAl,0
4671,Li2CrCo3O8.5,0
4672,Er2Mg3Ru,0
4673,YbTlS2,0
4674,Li2Fe3SnO8.4,0
4675,NdFeSi2,0
4676,NiGePt2,0
4677,Dy2MgTl,0
4678,YbCaInSe4.62,0
4679,PrCo2Ge2,0
4680,Sm2IO2,0
4681,NdMg2Ni9,0
4682,TbCu5,0
4683,YAgO3,0
4684,Be2HgTe,0
4685,AlIr,0
4686,CsInI3,0
4687,Tl3Cr,0
4688,ZrSi2,0
4689,Zn2Ni9O13,0
4690,CoP4O12,0
4691,Pr5In11Ni6,0
4692,Li8Ti16CuS32.1,0
4693,NdMg2,0
4694,La3Ge3Br2,0
4695,Sr2Li2Nb3O10.42,0
4696,Li2Si4Ni5O14.2,0
4697,HoCo3,0
4698,YbPr11Se16,0
4699,Sm3OsO7,0
4700,Al4Cu9,0
4701,LiGaAu2,0
4702,Zn2BIr2,0
4703,TmCu4Ag,0
4704,BaSi,0
4705,Mg2CrN2,0
4706,CeTlZn,0
4707,Eu2CaO3,0
4708,TmMg2Sc,0
4709,CuN2O6,0
4710,Sm5Br11,0
4711,Hf3P,0
4712,Ti2C,0
4713,NaHg,0
4714,AgGeO3,0
4715,UFeSi,0
4716,ErAl20Cr2,0
4717,Ba6In2NF.225,0
4718,U4S3,0
4719,Tl3Ir,0
4720,Ce4Bi3,0
4721,NiI,0
4722,Pm3I,0
4723,Pm2IrRh,0
4724,TmCoSi2,0
4725,SbPd3,0
4726,Yb2Ce8O19,0
4727,Li6Ni5O10,0
4728,Ho3Ni19B10,0
4729,BePd2,0
4730,Ni2Ge,0
4731,Mn5O7,0
4732,YCo2,0
4733,Li7Ti5O12,0
4734,RbCuPdF5.62,0
4735,BaTl3,0
4736,SmSnRh2,0
4737,EuCuSeO.129,0
4738,NdSbPd,0
4739,YbH2ClO2.11,0
4740,U4Re7Si6,0
4741,MgTi4S8,0
4742,TaGaPt,0
4743,SmCuO3,0
4744,CoPbO3,0
4745,Li2Cu2S3,0
4746,Pd16S7,0
4747,HoSi,0
4748,TaPt3,0
4749,Si4Cu5O14,0
4750,CdPd,0
4751,Tm2ZnOs,0
4752,SmCdHg2,0
4753,CaZn3Ni2,0
4754,Pm2LiSi,0
4755,TiZn3,0
4756,Eu2ReO5,0
4757,PmDy3,0
4758,HfGaCo2,0
4759,BaNb4O6,0
4760,DyGe,0
4761,DyRh,0
4762,Ti2BRh6,0
4763,Ba8Ta7O24,0
4764,RbF3,0
4765,TmAlCu,0
4766,FeRhO3,0
4767,NbGaCo2,0
4768,CaHg2,0
4769,PmCd3,0
4770,Ti2CoS4,0
4771,Mg3Ge,0
4772,K3LiNb6O15.7,0
4773,Ba2FeReO6.225,0
4774,UAl8Fe4,0
4775,LiCu3F7,0
4776,Bi2Pt,0
4777,LiV2NiO6.15,0
4778,Si2Ru,0
4779,Fe3B,0
4780,SnSb3(PO4)4.6,0
4781,CsMnSb,0
4782,VZnRu2,0
4783,Cu6PbO8,0
4784,La3AlN,0
4785,Pr3I,0
4786,LiMo3O8,0
4787,Dy3Cu4Ge4,0
4788,Sr5Bi3,0
4789,AlNi2,0
4790,MgV4O6,0
4791,DyS2,0
4792,YbLi2Pb,0
4793,Pr2InPd2,0
4794,TbGa,0
4795,EuTl,0
4796,ZrRe2,0
4797,CsNb6I11,0
4798,HoInAu2,0
4799,Li2MnCo3O8.186,0
4800,Li3Dy,0
4801,K4C2O3,0
4802,NdSnRh,0
4803,HoCd3,0
4804,TiOs3,0
4805,Nb3Fe20B6,0
4806,YbPO4,0
4807,Y3Al3NiGe2.189,0
4808,Nb2Co3O9,0
4809,HfTl3,0
4810,HfNi5,0
4811,SrLa3MnO8.63,0
4812,CaGa3Ni2,0
4813,NdTe,0
4814,Eu2CuO4,0
4815,Nb3V(PO4)6.146,0
4816,YbLa5S8,0
4817,TiPd,0
4818,ScZn3,0
4819,HoSb2O6,0
4820,CsCaO3,0
4821,Li13Nb14ZnO42.1,0
4822,LuPt3,0
4823,PrIr2,0
4824,V3Pt,0
4825,SrB2,0
4826,Tl8Os8O27,0
4827,Bi12Rh12O41,0
4828,Sm3Sb14Te24,0
4829,PrTmTl2,0
4830,Li3V4FeO12.5,0
4831,Na11Bi5O16,0
4832,Ca2PbAu2,0
4833,Hf3Si4Cu4,0
4834,Cu2HgGeSe4.121,0
4835,Na2In,0
4836,KHg2,0
4837,Sm3AlN,0
4838,LuMnSi,0
4839,CaMn2As2,0
4840,AlAs,0
4841,AlFe4(CuO4)3.204,0
4842,SmNi2B2C.139,0
4843,La2Nb2N2O5.1,0
4844,SmSi3Pt5,0
4845,Pr2Au,0
4846,UAlNi4,0
4847,Ba2ScIrO6.225,0
4848,MgTl,0
4849,Na6CoSe4,0
4850,Yb6U3O17,0
4851,Mn2Hg5,0
4852,Mg2CuWO6.1,0
4853,TmFe2Si2,0
4854,ScSnPd,0
4855,TaAlPt,0
4856,Ba2UCuO6.139,0
4857,Co2B4Mo,0
4858,Li2MgIn,0
4859,YCdPd2,0
4860,UMn2Si2,0
4861,Ge2Os,0
4862,DyCoSi2,0
4863,Na6FeS4,0
4864,NbSi2,0
4865,Te2Pd3,0
4866,BaFe2S4,0
4867,ScSbRh2,0
4868,Ti2Sb(PO4)3.167,0
4869,Rb5W8O30,0
4870,TmPd,0
4871,Hf2ReRh,0
4872,TbBe13,0
4873,LiCo(CO3)2.148,0
4874,Zr2Co12P7,0
4875,Li2Fe5O10,0
4876,Ta2OsW,0
4877,EuNi2As2,0
4878,LuHfRu2,0
4879,Sn3Pd,0
4880,Ca6Ag16N,0
4881,HfVSi,0
4882,TmCu2Ge2,0
4883,Na3Tl,0
4884,Te2Mo2WSe4.156,0
4885,Ru3Cl,0
4886,Nb5OF14,0
4887,LiBi2(PO4)3.15,0
4888,ReF6,0
4889,CaHfZn,0
4890,SrMgIn3,0
4891,K2B10H9O.14,0
4892,SiSb3,0
4893,Sc8Te3,0
4894,Fe12As5,0
4895,Ba2FeMoO6.225,0
4896,LiMnCuO4.74,0
4897,La3NiBr3,0
4898,InFe2CuSe4.121,0
4899,Li3CrCo3O8.166,0
4900,Ag3Pd,0
4901,Al3Tc,0
4902,Li3Co(NiO2)4.12,0
4903,NdIn3,0
4904,CrCoPt2,0
4905,Sm2RuAu,0
4906,SrSb12Ru4,0
4907,La2PC,0
4908,Tm2Ru2O7,0
4909,YbFe4Ge2,0
4910,Sc6NiTe2,0
4911,ZnSn3,0
4912,Li2Nb2(PO4)3.15,0
4913,YB2Rh2C.139,0
4914,Ba3NaIr2O9.194,0
4915,Ce2Sb,0
4916,BaTi4O8,0
4917,AlPd5I2,0
4918,SmMn2Ge2,0
4919,PrCd,0
4920,Ce3MnAlS7.173,0
4921,Zr5Sn4,0
4922,Li7Ti7O16,0
4923,GaFe3,0
4924,Na15Sn4,0
4925,ErAgSn,0
4926,Dy5Pb3,0
4927,Ba3Li4Sn8,0
4928,Li6FeO6,0
4929,NiP4O12,0
4930,Sm2P3Pt6,0
4931,CaZn2,0
4932,Nd4Ge3Rh4,0
4933,ErZn12,0
4934,PtN,0
4935,Ag3AsO4,0
4936,Ca3In,0
4937,LaCu6,0
4938,PrFe2Si2,0
4939,Li3Ti3(PO4)4.4,0
4940,Hf2Ge,0
4941,Ti2ReRu,0
4942,Ca3BiAs,0
4943,Yb3V,0
4944,Cu8O,0
4945,Sc3GaC,0
4946,PrGe3,0
4947,Hf2Co4P3,0
4948,Tb3Si,0
4949,VNi5(PO4)6.146,0
4950,TbGe2Pd2,0
4951,EuFe2Si2,0
4952,TbTl,0
4953,GdCd2,0
4954,Ca3Al2Ge3,0
4955,Al5Rh2,0
4956,MgFe2S4,0
4957,SmLuTl2,0
4958,Ag7S2I2,0
4959,TiI,0
4960,Mo5O14,0
4961,LiCd2Rh,0
4962,Lu5Si3B,0
4963,Cs2NaMnF6.166,0
4964,KFe2As2,0
4965,EuAl2Au2,0
4966,HfZnNi2,0
4967,InSiIr,0
4968,Ta4FeTe4,0
4969,CsMg149,0
4970,La3Os2O10,0
4971,Mg2MnN2,0
4972,HoSi2Os2,0
4973,Li2Fe2(PO4)3.15,0
4974,SrCe2S4,0
4975,BaAu2,0
4976,ErNi4Au,0
4977,PrMn2Si2,0
4978,ZrFe4Si2,0
4979,P2O5,0
4980,Hg3C,0
4981,NdCr2Si2,0
4982,Ca2GeN2,0
4983,NaSn2,0
4984,TiCr3(PO4)6.146,0
4985,Nd2Ru2O7,0
4986,W2N,0
4987,YbTbHg2,0
4988,BMo,0
4989,CsAgCl3,0
4990,W2C,0
4991,Cs2NaCoF6.166,0
4992,DyAl8Cu4,0
4993,DyInPt2,0
4994,LaSi2Os2,0
4995,TmSnRh,0
4996,TmB2C,0
4997,Li2MnCu3O8.212,0
4998,Ho3Pd2,0
4999,La10Si8O3,0
5000,Ce2Co5B2,0
5001,Ca2Mn9O13,0
5002,YbKSe2,0
5003,BaTi14O28,0
5004,Nb40N21O16,0
5005,YbAgO2,0
5006,TmGe2Ru2,0
5007,Ca3Cu2(ClO2)2.139,0
5008,GeRh,0
5009,TbGa2Co3,0
5010,LiCuPO4.63,0
5011,Ni3Pt,0
5012,Cu3Pd,0
5013,Dy2Ni12P7,0
5014,TmGe,0
5015,AgAu3,0
5016,CdAsPd5,0
5017,GdSbPd,0
5018,SrTl2,0
5019,Zr6Al2CoH10.190,0
5020,NdAgAs2,0
5021,Er2Fe14B,0
5022,Ti2CuS4,0
5023,Na8Hg3,0
5024,Te2Mo(WS2)3.156,0
5025,Tm5Ge10Rh4,0
5026,Mn2CoAs,0
5027,ErNiSn,0
5028,HfSi,0
5029,Ce3Al12Ru4,0
5030,Yb2ZnPb,0
5031,Mg3Bi2,0
5032,YCdHg2,0
5033,USi3,0
5034,NdGe2Pt2,0
5035,Mn3NiN,0
5036,NbPt2,0
5037,TbAl3C3,0
5038,LaPt5,0
5039,AlCoO3,0
5040,NaIrPb,0
5041,ZnCu3P3O13.11,0
5042,Tb5Tl3,0
5043,PrCo2As2,0
5044,CsIr,0
5045,Mg3Ni20B6,0
5046,Ce2CrN3,0
5047,LuGe2,0
5048,SrIn4Ir,0
5049,ThU8O18,0
5050,Rh7Pb3O15,0
5051,RbAgF3,0
5052,TaPd3,0
5053,AlVCo2,0
5054,ScGa6Fe6,0
5055,Sm4In21Pd10,0
5056,CaMnSn,0
5057,CeRh,0
5058,GeAs3,0
5059,HoTiSi,0
5060,AgPdO2,0
5061,EuP2Os2,0
5062,Li2NdSb2,0
5063,Cu2H3ClO3.166,0
5064,ThGe2Pd2,0
5065,Nb3B2,0
5066,YAl2Si2,0
5067,V2ZnO4,0
5068,YAl10Fe2,0
5069,CaMgSn,0
5070,TaRh3,0
5071,Lu2Mo2C3,0
5072,Dy2Ti3Si4,0
5073,HoC2,0
5074,CeAl2Pd5,0
5075,BeSiRu2,0
5076,NdInCu,0
5077,CaGaGe,0
5078,NdSn2,0
5079,MnAlAu2,0
5080,K3Hg,0
5081,TbSb2,0
5082,Re3As7,0
5083,ScCdAg2,0
5084,TePd,0
5085,MgInPd2,0
5086,ZrRu3C,0
5087,YAlPd,0
5088,Mg10B16Ir19,0
5089,Hf7P4,0
5090,SbRh3,0
5091,Ba4Nb14O23,0
5092,PdPb2,0
5093,MnBe2Co,0
5094,Li5Bi4O12,0
5095,NdAl4Ge2Au.166,0
5096,LuGaRh2,0
5097,LiEr2Ga,0
5098,SmCo2,0
5099,IrPb,0
5100,Ho2Co17,0
5101,Sc2TlTc,0
5102,TbH2,0
5103,Er5Bi3,0
5104,ScCrO4,0
5105,Dy3MnB7,0
5106,Li3Ni3(PO4)4.4,0
5107,Re2PbO6,0
5108,Gd6Ta4Al43,0
5109,Tb3FeB7,0
5110,Ce3Al,0
5111,CaCdPd2,0
5112,VB2,0
5113,CeIr5,0
5114,EuAs2Pd2,0
5115,Sc2GaAg,0
5116,Zn3Cu10(TeO6)6.1,0
5117,Nd2Ge5Rh3,0
5118,PmMgCd2,0
5119,UPt3,0
5120,Zr6Sb2Pt,0
5121,YCr2Si2,0
5122,Y3Si3Pd2,0
5123,CeCu2Sb2,0
5124,Sm2Cu4Sn5,0
5125,Ti3SnC2,0
5126,CuPtO2,0
5127,B4W,0
5128,ZrAu4,0
5129,EuLi2Sn,0
5130,MnTePd,0
5131,LiLu2Pd,0
5132,CaB2Ir2,0
5133,Y3Tm,0
5134,ErSi2Pd2,0
5135,CeSi2Ni2,0
5136,LaSi,0
5137,Dy6FeTe2,0
5138,In3Au10,0
5139,Ho2Ge5Rh3,0
5140,TmSiCu,0
5141,Sr2GaCo2O7.46,0
5142,YBi,0
5143,CeAl2Zn2,0
5144,CeMgZn2,0
5145,Li4Cr3NiO8.2,0
5146,BeSiOs2,0
5147,BiO,0
5148,GdO2,0
5149,Ce2Sb3Pd9,0
5150,ErB2Ru3,0
5151,YTiO3,0
5152,TmCdAg2,0
5153,Ce4FeSe6O.186,0
5154,ThHg2,0
5155,TbGa3,0
5156,V3Cu,0
5157,NaCuO,0
5158,SnRh,0
5159,Er3SnC,0
5160,NbCrW,0
5161,TmSi2Os2,0
5162,NbRu2Cl,0
5163,CaIn4Ir,0
5164,HfPt,0
5165,BTe2As,0
5166,MnFeAs,0
5167,TbMn6Ge6,0
5168,SrLaMn2O6.121,0
5169,Ce6B2(CBr)3.10,0
5170,Be2W,0
5171,YIn2Ni,0
5172,RbGe3,0
5173,Tm2IrPd,0
5174,RbWO3,0
5175,PmSbRh2,0
5176,LuNiBC.129,0
5177,RuCl3,0
5178,Ti2RuOs,0
5179,Li4Fe9O18,0
5180,SrPb3,0
5181,Li2U(MoO5)2.2,0
5182,LiSiRh2,0
5183,GdSi2Ru2,0
5184,ZrSbRu,0
5185,DyZnGa,0
5186,SmCo3B2,0
5187,Tb2C3,0
5188,CaPrZn2,0
5189,Pr6Fe13Si,0
5190,Hg3Sb,0
5191,TeMoSe,0
5192,HoB2C2,0
5193,LaP2Ru2,0
5194,Nb17Ir3S40,0
5195,CaOsO3,0
5196,TlNi,0
5197,GaSiRu2,0
5198,LuIr2,0
5199,UAu2,0
5200,Ti2B,0
5201,V2RuOs,0
5202,Nd3Zr,0
5203,Hf2Si,0
5204,Li14Ti21O48,0
5205,Li4WO5,0
5206,ThAl10Fe2,0
5207,TbInIr,0
5208,DySiIr,0
5209,ReCl4,0
5210,Ce3SiPt5,0
5211,NiAgO2,0
5212,CaTi4S8,0
5213,PrErMg2,0
5214,SrCo2P2,0
5215,K11Mn4O16,0
5216,MgCuSb,0
5217,Li3FeS3,0
5218,Ba3ErRu2O9.194,0
5219,Cu4W(SCl)4.139,0
5220,Lu2MgHg,0
5221,Sr2CoReO6.14,0
5222,HfOs2,0
5223,CrMo2S4,0
5224,LiCo7O7F.156,0
5225,SmMgHg2,0
5226,ErCuPb,0
5227,Y2Ge2O7,0
5228,Sc2P3O12,0
5229,BaDy2CuO5.62,0
5230,Li2Sn5,0
5231,Li5Mn2Cu5O12.5,0
5232,GaAs2W,0
5233,Fe4Si2Sn7O16.164,0
5234,Lu3Ga,0
5235,Zr2Te,0
5236,TiFe2As,0
5237,V2O3F3,0
5238,V2NO,0
5239,Ba2YReO6.225,0
5240,Ce5Si3N9,0
5241,Fe2Cu(PO4)3.167,0
5242,BeTcSe,0
5243,V2Si2O7,0
5244,Ca2NiIrO6.14,0
5245,Ti2AlV,0
5246,CeAlSi2,0
5247,Re2RuBr,0
5248,CaGe2,0
5249,Ta6Be15Cu8,0
5250,Tb5Ti5O17,0
5251,Tm2TcCu,0
5252,MgSnRh2,0
5253,Zr2Co21B6,0
5254,SmNiC2,0
5255,V8O,0
5256,WCl3,0
5257,Sm2Mo2O7,0
5258,Li2MnCo3O8.5,0
5259,DyAg,0
5260,Ti9O10,0
5261,Li2MgSn,0
5262,LiHoO3,0
5263,LiCa2In,0
5264,Li4Cu(PO4)2.1,0
5265,Mn2CoGe,0
5266,TbCo2Ge2,0
5267,ThSi,0
5268,CoCu2Sn,0
5269,Tb3Rb2AlF16.194,0
5270,CeMgAg2,0
5271,NaCdSb,0
5272,Li3Cu2O4,0
5273,TmMn6Ge6,0
5274,YbB2Rh3,0
5275,Rb2NaNiF6.225,0
5276,NdCu3(RuO3)4.204,0
5277,Dy2AlCo2,0
5278,Cr4As3,0
5279,AsAu3,0
5280,Lu3InN,0
5281,BaAl2,0
5282,ErCu,0
5283,Fe3N,0
5284,Sr3Li4La5O12.6,0
5285,EuSnAu2,0
5286,VSb,0
5287,LiMgSnPd.216,0
5288,Fe2S,0
5289,Ho3P,0
5290,PmMgAu2,0
5291,SbPt3,0
5292,NaTa3,0
5293,Cd2AgRh,0
5294,Pr2CdSn,0
5295,Li3Mn2(CoO4)2.1,0
5296,CeHg,0
5297,LaCd2,0
5298,SmTmZn2,0
5299,ThAl3,0
5300,SnP3O9,0
5301,HfV2H4,0
5302,Cr4Cu3Te8,0
5303,Li6Fe3Co7O20.10,0
5304,ZrTiF6,0
5305,Ba7Ru4Br2O15.166,0
5306,HfCo3B2,0
5307,EuRbO2,0
5308,CeAsPd,0
5309,ScSbRu2,0
5310,Sr2YReO6.225,0
5311,EuCuSeF.129,0
5312,Al21Pt8,0
5313,YbBa2(CuO2)4.65,0
5314,EuKS2,0
5315,Ba5In4Bi5,0
5316,Cu7Hg6,0
5317,CsSn3,0
5318,Ta2N,0
5319,LiHg2Pd,0
5320,PmHgAu2,0
5321,Mn5O3F5,0
5322,Zr4AlNi2,0
5323,TaW3,0
5324,SmHg3,0
5325,Sr8Al7,0
5326,Hf5Pb,0
5327,CeB2C2,0
5328,SrTlHg2,0
5329,Ti3Pt5,0
5330,Cd13I28,0
5331,Mn2AlO4,0
5332,CaAl8Co2,0
5333,UVC2,0
5334,ScV2Ga4,0
5335,Ho2Pd2Pb,0
5336,AuBrO2,0
5337,Pr2HgPb,0
5338,ZrGe2,0
5339,Sr7Bi23O40,0
5340,YbAl2Si2,0
5341,Tm2ZnAg,0
5342,SrGa2Au2,0
5343,ThRh2,0
5344,Sr3Al2Sn2,0
5345,CdAuO2,0
5346,Li3Mn(NiO3)2.12,0
5347,VIr,0
5348,Cr3N2,0
5349,TbHg2,0
5350,MgMnO3,0
5351,Y4AsSe3,0
5352,Li2TiMn3O8.166,0
5353,LiTi11O20,0
5354,Li2CrCuO4.74,0
5355,UGaNi,0
5356,Sm4Al23Ni6,0
5357,TmScHg2,0
5358,Li2Ni5(PO4)4.2,0
5359,Tb3La,0
5360,Sr3Sb2,0
5361,KMo6S7,0
5362,Th3B2C3,0
5363,TaBe2,0
5364,Ti2Be17,0
5365,Tm2AlOs,0
5366,HfB4Ir3,0
5367,Dy3InC,0
5368,BaTi4O7,0
5369,LiCo(CO3)2.12,0
5370,La2Ge5Ir3,0
5371,V6AgO15,0
5372,Li3Fe2SbO6.12,0
5373,Pr2Co12P7,0
5374,Hf4Co4Si7,0
5375,Cr2CuTe4,0
5376,PrCo4B,0
5377,SmSi2Ag2,0
5378,YbLiF4,0
5379,UCu2P2,0
5380,ScBIr3,0
5381,Ho3GaC,0
5382,Mn2Tl2O7,0
5383,YbTlSe2,0
5384,Rb28Mg9In51,0
5385,Sr2MgIrO6.225,0
5386,ScPPt,0
5387,Mg23Al30,0
5388,AlCu3,0
5389,Y2CuO4,0
5390,Sc3Mn2Ga6,0
5391,HoNi2B2,0
5392,MgSn4O8,0
5393,YMgCu4,0
5394,Bi2B3O9,0
5395,SrMnGe,0
5396,SmErMg2,0
5397,Li3Mn3NiO8.12,0
5398,In2Co,0
5399,LiBePt2,0
5400,PrAgAs2,0
5401,La2Fe2I,0
5402,Lu3BC3,0
5403,Cu9Se4(Cl3O7)2.12,0
5404,TiSe,0
5405,Nd5Ge3,0
5406,Pt3PbC,0
5407,Ba2SmCu3O7.47,0
5408,Li3Cr3(CuO6)2.14,0
5409,Nb3Os,0
5410,RePO5,0
5411,ScGa2,0
5412,LuScZn2,0
5413,Nd4Mg3Co2,0
5414,CeHSe,0
5415,U2Co21B6,0
5416,U2MnN3,0
5417,NdRh,0
5418,Li6Fe9CoO20.6,0
5419,HfTiF6,0
5420,YWO3,0
5421,Sc11Al2Ge8,0
5422,CsGa7,0
5423,TiAuCl,0
5424,Li13Ti22O48,0
5425,ThFe2Ge2,0
5426,Sr8Co8O23,0
5427,Sr3Co2S2O5.139,0
5428,YAs,0
5429,Tm2ZnHg,0
5430,Dy2C,0
5431,HfB,0
5432,DyZrRu2,0
5433,Pt3Pb,0
5434,Mg2Ga,0
5435,ZnAgF5,0
5436,LiCoS2,0
5437,Ca11Bi10,0
5438,Ce9SmO20,0
5439,Y2ReB6,0
5440,Ca4Al3O10,0
5441,Li3V4NiO12.5,0
5442,Zr7P4,0
5443,LaPd3S4,0
5444,LiTi3O6,0
5445,YSn3,0
5446,MnNi,0
5447,Th2Fe7,0
5448,Mn3O2F6,0
5449,Tl3Pb,0
5450,ErBPd3,0
5451,Nd2Fe14B,0
5452,DyMn2,0
5453,Mn7O7F,0
5454,Y4CuTe8,0
5455,AsSeBr,0
5456,SrIn4Pt,0
5457,Mg2Cu,0
5458,NdP2Ru2,0
5459,Y2Mo2O7,0
5460,Li9Fe3(WO4)7.160,0
5461,LiHfPd2,0
5462,EuNaO2,0
5463,YTmCu2,0
5464,BeAlB,0
5465,HgRhO3,0
5466,CoW2O8,0
5467,In3Pd5,0
5468,Ca3SbN,0
5469,EuCo8P5,0
5470,NaCd2Au,0
5471,RbSbO3,0
5472,CaSi2Pd2,0
5473,CsMo3O9,0
5474,Hf3Zn3N,0
5475,ErNi4B,0
5476,PrMgAg2,0
5477,CeSiIr,0
5478,Ce3In3Ru2,0
5479,CsUCuS3.63,0
5480,Hf5Sb9,0
5481,CeNbO4,0
5482,TmNi2Ge2,0
5483,LiAl2Rh,0
5484,LiCaO3,0
5485,Ni4Bi9O18,0
5486,Mg2TiIrO6.14,0
5487,Al2CrS4,0
5488,Ba2CaReO6.87,0
5489,TbZn2,0
5490,PrMgGa,0
5491,TbZrSb,0
5492,TmTl,0
5493,RbUAgS3.63,0
5494,SrIn8Rh2,0
5495,Li8TiNi7O16.1,0
5496,DySnRu2,0
5497,CaPd3C,0
5498,Ti2ReRh,0
5499,EuCd11,0
5500,Li3Fe(CoO2)4.2,0
5501,LiCa2Ge3,0
5502,Pr7Mn8O24,0
5503,Zr5Sn3,0
5504,Li8BiS6,0
5505,Tb3ReO7,0
5506,Zr4Co4Ge7,0
5507,ZrCrSi2,0
5508,MnSnRu2,0
5509,SiAu3,0
5510,Ba2DyCu3O7.47,0
5511,ScIr,0
5512,SrRu2O6,0
5513,ThMn4(CuO4)3.204,0
5514,HoSi2Ru2,0
5515,Li5Co2Ni3O10.10,0
5516,PrGe5,0
5517,Na3Mn2(GeO4)3.230,0
5518,Cu2Sb,0
5519,SmSi2Ni2,0
5520,TlW3O9,0
5521,NbHg3F6,0
5522,Cs2CrCl4,0
5523,YbPmPt2,0
5524,Na2Cl,0
5525,Li2DyIn,0
5526,Hf2OsPd,0
5527,Mn2Cu(PO4)3.167,0
5528,EuAgSb,0
5529,LiInSn,0
5530,Mg2SiPt,0
5531,TmSnRu2,0
5532,BaSn4O8,0
5533,CoN,0
5534,Hf5Sb3,0
5535,Er4NiB13,0
5536,NdBi,0
5537,U3Nb,0
5538,SmCo2Si2,0
5539,UCo4Sn,0
5540,ZnGaRh2,0
5541,Li17Nb20O60,0
5542,Mg2TcO4,0
5543,PrSmO2,0
5544,Sc2MnC,0
5545,BaPd2O4,0
5546,Mg3Ga7Co2,0
5547,Ba5Sb3,0
5548,CrNi3,0
5549,Lu7Te2Pd2,0
5550,ZnCu2O4,0
5551,LaH2,0
5552,Te2W2SeS.156,0
5553,Ce3AlC,0
5554,Nd2BC,0
5555,Li6Mn5CoO12.2,0
5556,MnGaPt,0
5557,Ba14Na8CaN6.176,0
5558,ErAlGe,0
5559,Na11Ti20O40,0
5560,MgAgAs,0
5561,Tb6PbSe10,0
5562,CeLu3,0
5563,Ta2Nb3O12,0
5564,GdPbAu,0
5565,KHg,0
5566,Sc5NCl8,0
5567,TbBRh3,0
5568,Lu5Si10Ir4,0
5569,EuCd2Sb2,0
5570,NdMgNi4,0
5571,V3CuO8,0
5572,InMo3Se3,0
5573,CaInPt,0
5574,Cr2HO4,0
5575,Li5La3Nb14O42.12,0
5576,HoCu2O4,0
5577,FeCoAs,0
5578,HfAs2,0
5579,LiHf2Ir,0
5580,Yb16S29,0
5581,Nb3VS6,0
5582,CaAl2Zn2,0
5583,NdErZn2,0
5584,Gd2Zn17,0
5585,HoInPt,0
5586,TiCoGe,0
5587,CeCoGeH.129,0
5588,YMgAl,0
5589,LiTmSn,0
5590,Ti2RePd,0
5591,Na8NbO6,0
5592,Si2NiP3,0
5593,LiNi2(PO4)3.15,0
5594,Sc3PbC,0
5595,CeCd2Ag,0
5596,Hf2Tl,0
5597,Na10Ga6Sn3,0
5598,YCoO3,0
5599,Ta3B4,0
5600,LiTm2Rh,0
5601,CeGaO3,0
5602,PmMgRh2,0
5603,YCdPt2,0
5604,LaIn5Ir,0
5605,Sr2Co2O5,0
5606,KTa3CuO9.53,0
5607,SrRhF6,0
5608,Al2Cr2O7,0
5609,EuGe3Pt,0
5610,NdO2,0
5611,CrIrO6,0
5612,YRe4Si2,0
5613,Pr3Cd,0
5614,NdPt,0
5615,TmLuPd2,0
5616,Ti2NiSe4,0
5617,LaReB,0
5618,Cr3P,0
5619,Pd3Pb2S2,0
5620,Mn3PtN,0
5621,Cs3V2Cl9,0
5622,Ce3Pd5,0
5623,TmThRu2,0
5624,NdAl8Co2,0
5625,Li7Ti16O32,0
5626,YbSiCu,0
5627,Tb2SbO2,0
5628,Li2Co4O7F.8,0
5629,LiHoAu2,0
5630,BeGaO3,0
5631,NiCO4,0
5632,Dy4Sb3,0
5633,NaFe2O3,0
5634,Lu2AgAu,0
5635,Co2O3,0
5636,HfAsRh,0
5637,Zr5Al3,0
5638,Li4Mn5NbO12.12,0
5639,Si4Cu15,0
5640,Sm2TlHg,0
5641,PrBi2O6,0
5642,NdTlAg2,0
5643,Zr6Al2Ni,0
5644,Lu2Fe2Si2C.12,0
5645,Ca2TlCd,0
5646,VCo,0
5647,CsVP2S7.5,0
5648,Li2InAg,0
5649,Rb2SCl6F.225,0
5650,LiNi4O8,0
5651,CeP2Pt4,0
5652,YbCdHg2,0
5653,MnGeRh2,0
5654,HgOsPb2,0
5655,CeSi2Pd2,0
5656,Sc2CuRu,0
5657,Sr5Cd2Sb5F.63,0
5658,Li4Fe7(OF7)2.1,0
5659,SmB2Os2,0
5660,Cr2P3O11,0
5661,Ho4C7,0
5662,Ce2Cu(NO)2.139,0
5663,La20Cu9O40,0
5664,KUCuSe3.63,0
5665,BaIn2Ir,0
5666,PmLi2Al,0
5667,Gd3Al7Ag2,0
5668,Li3Cr(NiO2)4.12,0
5669,InAu3,0
5670,Yb3Sn13Rh4,0
5671,CoGe,0
5672,ErRe2O8,0
5673,Gd2Zn6Ge3,0
5674,ErLu3,0
5675,SrSnP,0
5676,CsRbP,0
5677,Tb3Ni13B2,0
5678,Ta2MoOs,0
5679,Rb2Na2IrO4.14,0
5680,SrIn2Rh,0
5681,CeAlO3,0
5682,SnPt3C,0
5683,NdNiC2,0
5684,YNi2P2,0
5685,PmLi2Ge,0
5686,Zr2Ni12P7,0
5687,ErCr2Si2,0
5688,La4Co3O10,0
5689,Sr3ScNiO6.167,0
5690,Ni3SnN,0
5691,ScZnPt2,0
5692,Li3Mn4O8,0
5693,EuClO,0
5694,Mn2VSi,0
5695,Eu2TeO2,0
5696,Sb4Pb4S11,0
5697,In3Sb,0
5698,LiCu5P3O13.2,0
5699,Y3Fe29,0
5700,VIr3,0
5701,MgSi7Ir3,0
5702,CeAsSe,0
5703,Li4Mn5Nb3O16.1,0
5704,Cr2NiS4,0
5705,Ca5Sb3,0
5706,GaTc2W,0
5707,Cr2CuS4,0
5708,Nd3In,0
5709,LiMn(PO4)2.14,0
5710,CeSi2Ni,0
5711,VPt2,0
5712,LaCdAg2,0
5713,EuScO3,0
5714,GdNiO3,0
5715,Cu18S11,0
5716,Li4MgNi3O8.166,0
5717,SmAs2Au,0
5718,YFe2Si2,0
5719,Ba3YIr2O9.194,0
5720,YbCuGe,0
5721,YbDyPd2,0
5722,DyB2Rh2C.139,0
5723,Zr3Si6Cu4,0
5724,MnSb3(PO4)6.146,0
5725,Ca2ZnRh,0
5726,Gd3Co11B4,0
5727,SmAlCu,0
5728,ErSnAu,0
5729,Li5Fe6(BO3)6.8,0
5730,Li4Fe2Cu3O10.2,0
5731,BRh2,0
5732,ScBPd3,0
5733,CrFeP,0
5734,ScAg,0
5735,Hf5Sn3,0
5736,MgCr,0
5737,SmCu2O4,0
5738,Sr5Sn3,0
5739,Rb3Cu8S6,0
5740,Ca3PbN,0
5741,AlCu7O12,0
5742,Co3Se4,0
5743,CeMgNi4,0
5744,NaC,0
5745,LiErAu2,0
5746,Sc3C4,0
5747,TiFe2,0
5748,Ce2ZnNi2,0
5749,Li6FeNi9O20.2,0
5750,Li2Ti3FeO8.166,0
5751,MnNiP,0
5752,NbSiIr,0
5753,NdGa2Ni,0
5754,TbMn5Ge3,0
5755,CsGdO3,0
5756,Ce3B2(ClO2)3.176,0
5757,ThFe2Si2,0
5758,KLi(WO3)3.9,0
5759,ZrInCu2,0
5760,GdZn,0
5761,Zn3Cd,0
5762,Dy3Ga,0
5763,MgCo2S4,0
5764,CeSiOs,0
5765,Li3Co3SbO8.2,0
5766,Na9W16O48,0
5767,Co7Mo6,0
5768,TcB,0
5769,Mg3Ni20P6,0
5770,Li2GaPd,0
5771,H2Se,0
5772,Li4V5Cu3O16.8,0
5773,CeMn2Ge2,0
5774,EuZn2Si2,0
5775,Sc7CI12,0
5776,NdTiGe,0
5777,V3H4O8,0
5778,SmNi2Sn2,0
5779,MgMnRh2,0
5780,Ca2Co9O13,0
5781,CaAgF5,0
5782,Mn3PdN,0
5783,Si2Pd9,0
5784,Pr27Se40,0
5785,Tb10B7C10,0
5786,TbRh2,0
5787,ThFe2SiC.63,0
5788,Ba3CaIr2O9.164,0
5789,Dy2MgIn,0
5790,Li2Ni3TeO8.186,0
5791,LiAgF3,0
5792,VTe2,0
5793,ErAl9(Fe2Si3)2.137,0
5794,Ti5Zn4(TeO6)3.15,0
5795,NdZn2Ag,0
5796,HoZnRh2,0
5797,BaPt5,0
5798,Li8PO3,0
5799,UGa3Ni,0
5800,ZrCd,0
5801,Pm2CuGe,0
5802,LiMn9Se10,0
5803,Pr4Sb3,0
5804,Pr9Sb5O5,0
5805,Al9Co2,0
5806,Ta2TlO6,0
5807,LiCuPO4.15,0
5808,LiTaRh2,0
5809,Ca11Ga7,0
5810,Zn2WN2,0
5811,ErTlPd,0
5812,RbBr3,0
5813,LuAlAg2,0
5814,CsNi2F6,0
5815,Pm2LiIr,0
5816,CrCo2Bi,0
5817,DyNiGe2,0
5818,CaPb,0
5819,PrB2Ru2,0
5820,La10Mn9O30,0
5821,BaZn(MoO2)4.162,0
5822,BaGe3Pt,0
5823,CaGaAu3,0
5824,Er5NiPb3,0
5825,TaTiFe2,0
5826,LiCu2(CO3)2.1,0
5827,TbTe,0
5828,Mg32Al36Ag13,0
5829,SrLi2Sn,0
5830,CaAu5,0
5831,U2Cl5O2,0
5832,Gd3ReO7,0
5833,HoAlB14,0
5834,Nb2Cr4Si5,0
5835,LaNi12B6,0
5836,MgSbPt,0
5837,Li3Ti2(PO4)3.12,0
5838,Mg2Zr14O5,0
5839,MnGaNi2,0
5840,AlNi2S4,0
5841,SmInAu,0
5842,Li2FeWO6.146,0
5843,Li2Fe3CoO8.4,0
5844,Ca3Zr17O37,0
5845,HfAlPd2,0
5846,Ce3TaO7,0
5847,Li4Ni3BiO8.166,0
5848,KAgO,0
5849,Li5Mn6(BO3)6.8,0
5850,Ni4P3O12,0
5851,YTi4(CuO4)3.204,0
5852,Cu9S5,0
5853,Eu2Ge(BO4)2.60,0
5854,SrN2,0
5855,CrFe2Se4,0
5856,TiAsRh,0
5857,BaCaSn3,0
5858,CaCo2Ge2,0
5859,KH(CN2)3.2,0
5860,TmMnO3,0
5861,PrNiGe2,0
5862,Yb2Zn3Ge3,0
5863,SmPbAu,0
5864,K2RuCl6,0
5865,LuSi2Os2,0
5866,Yb14Ti10O41,0
5867,Ba2CaOsO6.225,0
5868,Cu2PHO5.58,0
5869,ZrSb,0
5870,LiCuO2,0
5871,Te4MoW3S4.156,0
5872,EuIn2As2,0
5873,NiAsO3,0
5874,LaMg3,0
5875,CePrO2,0
5876,LuU2S3O2.139,0
5877,Ti9O8,0
5878,LiSiPd2,0
5879,LuSi2Ni,0
5880,Zr3Al2,0
5881,VP4,0
5882,Sm2TlZn,0
5883,DyAgGe,0
5884,MgZn2,0
5885,GdSe2,0
5886,Li4NbNi3O8.166,0
5887,BiPd,0
5888,MnGePd,0
5889,ThBi2,0
5890,Yb2BaO4,0
5891,KBi2,0
5892,Ti10O11,0
5893,UCr4C4,0
5894,Rb6O,0
5895,KTi5Se8,0
5896,RbIn4,0
5897,Rb15Hg16,0
5898,CrFe2Sb,0
5899,Fe9Co7,0
5900,TeWCl9,0
5901,LuAu,0
5902,CeAl2Pt3,0
5903,Ce2S2O,0
5904,Yb2SmS4,0
5905,MnS,0
5906,UGa5Ir,0
5907,DyCd2,0
5908,ZrGaPt,0
5909,CoOF,0
5910,Ti2MnFe,0
5911,KScO3,0
5912,Er6MnBi2,0
5913,YbSnRh,0
5914,Ca2MnAlO5.46,0
5915,UGa2,0
5916,Li7Ca8Nb12O40.1,0
5917,Li4Mn5Ni3O16.8,0
5918,Rb2CrF6,0
5919,BaTl(MoO3)2.8,0
5920,Ta2TiN3,0
5921,UB4H16,0
5922,FeOF,0
5923,Al2Cu,0
5924,BaMn4O7,0
5925,Y4C7,0
5926,NiN,0
5927,Li4Mn(WO4)3.1,0
5928,Rb5W18O54,0
5929,Er2MnC4,0
5930,Mn2GeS4,0
5931,NdGaO3,0
5932,Zr2Al,0
5933,Ca2Sn2F3,0
5934,CaNi4O6,0
5935,Ca3Au,0
5936,EuCl3O12,0
5937,Nd2WC2,0
5938,Na3UF7,0
5939,Tb2In16Pt7,0
5940,HfV2Ga4,0
5941,TbSe2,0
5942,YTi2Ga4,0
5943,ReTe2Cl12,0
5944,HoGeAu,0
5945,Mn3SbO8,0
5946,La8Mn7O24,0
5947,VNi2,0
5948,Ta2PtSe7,0
5949,LaBiAu2,0
5950,BaTh3,0
5951,PrP,0
5952,Tm5Ti5O17,0
5953,Nd2Ni7P4,0
5954,LiY2Ru,0
5955,U2AlCo2,0
5956,NdIn5Rh,0
5957,Li3Co4TeO8.12,0
5958,Li3Mn2(PO4)3.12,0
5959,ThAsSe,0
5960,V3CrO10,0
5961,YbSmRh2,0
5962,RbVP2S7.5,0
5963,Yb2MgSe4,0
5964,NdAl7Au3,0
5965,Ta4AlC3,0
5966,Li3Cu4O4,0
5967,NbCl4O2,0
5968,TbYHg2,0
5969,ZrAlPt,0
5970,Sr10Al4Si6O.71,0
5971,Li4Mn5Cu3O16.8,0
5972,EuBi3,0
5973,Mn2AlB2,0
5974,Li4Co5SbO12.12,0
5975,BaLi4,0
5976,CaGe2Rh2,0
5977,Ti5B12O26,0
5978,TmCo2Si2,0
5979,MnSb2O6,0
5980,TlCu6S4,0
5981,Cu4As2O9,0
5982,CuClO2,0
5983,U6Co,0
5984,Yb4Sb3,0
5985,Ti5ZnO7,0
5986,LuScRu2,0
5987,TlTe,0
5988,NaTl,0
5989,Li12Fe5O16,0
5990,TiHgO3,0
5991,TlFeI3,0
5992,Li3Mn4(PO4)6.2,0
5993,TbCl,0
5994,Nd2ZnGa,0
5995,Sr6Nb7O21,0
5996,V4ZnO8,0
5997,Al6Tc,0
5998,Cs2SCl6F.225,0
5999,Ce3NbS3O4.55,0
6000,NbHO3,0
6001,YbTbRh2,0
6002,EuSeClO3.62,0
6003,EuNiGe3,0
6004,Eu2PBr,0
6005,CaCdSi,0
6006,InHgW2,0
6007,Li4Ni2(PO4)3.2,0
6008,SmHoHg2,0
6009,PrAl3Ni2,0
6010,Bi4I,0
6011,HPbI3,0
6012,Ti4NiBi2,0
6013,Zr2Se,0
6014,SnB,0
6015,InAg3,0
6016,Tm2MgRu,0
6017,KLu,0
6018,Nb6Co7,0
6019,Li2MgHg,0
6020,LiFe2(PO4)3.1,0
6021,Cu2OF2,0
6022,Tl2Mo7O22,0
6023,Li6FeO5F.1,0
6024,YSi2,0
6025,SmMg3,0
6026,HfTc,0
6027,Na2V6O13,0
6028,NdNi2Sn2,0
6029,Dy2CdPd2,0
6030,CeOs2,0
6031,ScRh3C,0
6032,Re5Ni2As12,0
6033,P2H4RhO9.5,0
6034,LiLu2Ga,0
6035,ZrTi2O,0
6036,MnB2W2,0
6037,CeCdAu2,0
6038,ZrAlW,0
6039,CaIrO3,0
6040,CeSi2Au2,0
6041,Pr4MgRu,0
6042,MnNbO4,0
6043,NaCdO3,0
6044,ThAl8Fe4,0
6045,Lu2TlAg,0
6046,PrSbPt,0
6047,Mn3Cr3(CoO8)2.8,0
6048,LiScHg2,0
6049,Cu3P4O14,0
6050,Ni2Mo4C,0
6051,SmNiAs,0
6052,Pm2NiRh,0
6053,Sr2YBi2O7.46,0
6054,La16Mn15O48,0
6055,CrCoGe,0
6056,NaCeS2,0
6057,YSiNi,0
6058,ZrPd2,0
6059,GeW6O18,0
6060,NdBRh3,0
6061,Ta4N5,0
6062,Li4Co3CuO8.166,0
6063,Mg5Tl2,0
6064,LaGa3Pd2,0
6065,Co7Re17O48,0
6066,Sm3Sc,0
6067,Al7C3N3,0
6068,NdScGe,0
6069,Mg3Ru2,0
6070,GdZnIn,0
6071,Mg2V9O13,0
6072,TiBr2,0
6073,CuMoO4,0
6074,Li4Ti5Cr3O16.8,0
6075,CaIn2Ir,0
6076,HfC,0
6077,YbSi2Rh2,0
6078,BaAg2,0
6079,Pr5Si4,0
6080,Zr5SiSb3,0
6081,CsTiF4,0
6082,ScCoGe2,0
6083,Mg3Tl,0
6084,ErHg2,0
6085,LiMnCoO4.74,0
6086,Er3Al3NiGe2.189,0
6087,HfCu2P2,0
6088,LiMn4O8,0
6089,Hg3As,0
6090,YbAg2,0
6091,ZrB2,0
6092,PrZn,0
6093,YbNdAg2,0
6094,YbZnPt,0
6095,Tm2Ga10Os3,0
6096,CeMn2Si2,0
6097,LiGaPd2,0
6098,YbIn4Rh,0
6099,YbBaSn3,0
6100,Re2W3C,0
6101,Li8IrO6,0
6102,TiReN3,0
6103,SrZr2Nb,0
6104,Tl9SbSe6,0
6105,Ti20Sb9Se3,0
6106,Mn5As4,0
6107,EuTiClO3.12,0
6108,Dy7In(CoGe3)4.83,0
6109,Te2Mo3Se4,0
6110,CeSiI,0
6111,SmSiCu,0
6112,K8N3O,0
6113,La3Re2O10,0
6114,Sb2I2F11,0
6115,Tb2Li6O7,0
6116,BaSn3,0
6117,Y3Fe62B14,0
6118,Eu2C(NO)2.164,0
6119,KBiO3,0
6120,Tb11S16,0
6121,HoTh3,0
6122,Tm4In(NiGe2)2.12,0
6123,SrIn2,0
6124,Ca3TlN,0
6125,RbBi2,0
6126,Mg5As,0
6127,ZnCo2O4,0
6128,Rb2Mo9Se10,0
6129,MgNiSb,0
6130,Lu2InHg,0
6131,Ca5Sn4S13,0
6132,KC60,0
6133,TiMn2Al,0
6134,SrUS2,0
6135,LuIr,0
6136,EuAlO3,0
6137,Sr2HoRuO6.14,0
6138,TlMo3Se3,0
6139,SiW3,0
6140,LaSn3Ru,0
6141,MgTi4O6,0
6142,LiIn2Rh,0
6143,TiC,0
6144,Er2SnAu2,0
6145,EuRhO3,0
6146,Li3Co2(GeO4)3.230,0
6147,NdCrGe3,0
6148,Fe6W6C,0
6149,SrCdSi,0
6150,MgPb3,0
6151,CuPO4F.2,0
6152,UCuP2,0
6153,Li2NdAs2,0
6154,Lu2CdIn,0
6155,HfInCu2,0
6156,Eu3BWO9.173,0
6157,Li2SnIr,0
6158,DyCo2Ge2,0
6159,PrB4,0
6160,AsPd3Pb2,0
6161,Zr3Ag,0
6162,ZrTe,0
6163,RbB5(H2O3)4.41,0
6164,Be22Re,0
6165,Li4Mn3Cr3O12.22,0
6166,V3SiNi2,0
6167,U2SnRh2,0
6168,Hf2Ni,0
6169,Mo5As4,0
6170,V3Re,0
6171,Yb2Ge2Ir,0
6172,TbBaMn2O6.51,0
6173,Cu2Hg2SF6.227,0
6174,UNiSn,0
6175,U2TeN2,0
6176,KCo2Se2,0
6177,KCoO2,0
6178,Na2UI6,0
6179,TbCo2,0
6180,Te4Mo(WS)2.187,0
6181,Mn2P,0
6182,YbMn2O5,0
6183,YbIr2,0
6184,CeH3O3,0
6185,PrErIn2,0
6186,YAl8Cu4,0
6187,Al2FeNi,0
6188,Tl3Si,0
6189,Na8Cu5O10,0
6190,Yb8Ge3Sb5,0
6191,K3Sn,0
6192,Li2V3CrO8.166,0
6193,Li3MnAs2,0
6194,Fe3Si,0
6195,Lu4C7,0
6196,MnSbRh2,0
6197,ZrInPd2,0
6198,Ba2BiSbO6.2,0
6199,ScTiO3,0
6200,ErB2Ir3,0
6201,Cu4H10SO12.7,0
6202,LaCdAu,0
6203,CuF,0
6204,CeMgPt,0
6205,PmGaAu2,0
6206,TmAl4Ni,0
6207,Li4Co2Ni3O10.10,0
6208,Zr3NiO,0
6209,TmU2S3O2.139,0
6210,CrH9(CN2)3.2,0
6211,Li15Fe4O16,0
6212,Li15Mn2O12,0
6213,Mo2NCl8,0
6214,Pd2N,0
6215,PrBPt4,0
6216,Li2TlAg,0
6217,Ce4Si3Rh4,0
6218,YSi2Rh2,0
6219,Ca2CuWO6.14,0
6220,Mn2Nb,0
6221,Ga8Cu3Mo2,0
6222,Ni7P8O28,0
6223,MgRh2Pb,0
6224,MgCuBi,0
6225,HoSi2Pd2,0
6226,SrSiPd,0
6227,Ba2CoWO6.225,0
6228,Lu3TlC,0
6229,LaGeI,0
6230,Li3CrO4,0
6231,LiZrRh2,0
6232,HoSiRu2C.63,0
6233,Li4TiCr3O8.166,0
6234,Ba2CuWO6.87,0
6235,LaRe2Ag,0
6236,MnFeCoGe.216,0
6237,AlNi20B14,0
6238,TaAs,0
6239,Ca2Os2O7,0
6240,TmMnGe,0
6241,LiMn2(PO4)2.29,0
6242,Mn3NbO8,0
6243,Ba5Bi3,0
6244,Ti3Be,0
6245,DyBPd3,0
6246,Tm2CdHg,0
6247,SnAs3,0
6248,ThS,0
6249,MgPt5,0
6250,SrIn2Ir,0
6251,V2GaSn2,0
6252,Li5Cr2Ni5O12.5,0
6253,Ba4Sm2Cu2O9.118,0
6254,K3V,0
6255,NdTlPd,0
6256,LiSn(PO3)4.134,0
6257,Ba14Pd3Ir8O33.5,0
6258,LiGaPt2,0
6259,Ca2Ti9O13,0
6260,EuSn3,0
6261,TlCoMo2,0
6262,TbNi5,0
6263,Bi2Pd3S2,0
6264,Yb2Sn,0
6265,EuF3,0
6266,Rb3Tm,0
6267,EuTiO3,0
6268,ErFeC2,0
6269,MnAs,0
6270,Li4CrO5,0
6271,Ho2B4C,0
6272,Cs2NaMgF6.225,0
6273,Ho10Si17,0
6274,ThCrB4,0
6275,TbIn2Ni,0
6276,Li3FeNi3O8.186,0
6277,VPO4,0
6278,TmH2,0
6279,U2Cu2As3O.129,0
6280,BaAg,0
6281,Y2U3O11,0
6282,Nd3AlC,0
6283,AlB2,0
6284,Sm2Tl,0
6285,Ce5Ge3,0
6286,Pr2InGe2,0
6287,LiPr2Ru,0
6288,NbCrN,0
6289,V3Ag,0
6290,ScBe5,0
6291,TbGe2Rh2,0
6292,HoMn12,0
6293,Sc3Fe2Si3,0
6294,MnInCu2,0
6295,CePd5,0
6296,La2PI2,0
6297,LuAg2,0
6298,AgPt3,0
6299,Ag2BiO3,0
6300,ScZnNi2,0
6301,TaInNi,0
6302,NiGe,0
6303,YbGa2Pd,0
6304,Eu3Sn,0
6305,HoZnRh,0
6306,La2Ge5Rh3,0
6307,YbMgPd,0
6308,LaGa,0
6309,ScCdHg2,0
6310,Ta5N6,0
6311,Li2Lu3Ge3,0
6312,U3Cu2Se7,0
6313,TmMgCd2,0
6314,YbLiPb,0
6315,Yb2KF7,0
6316,Li2V2F7,0
6317,Li3Mn(CuO3)2.12,0
6318,MgRhF6,0
6319,YbAl4Mo2,0
6320,K2NbO6,0
6321,Cu11Sb4S13,0
6322,Dy2Ge3Pt9,0
6323,Li2V3FeO8.8,0
6324,HoTlPd,0
6325,CeAl3Ni2,0
6326,MnSiNi2,0
6327,LiGeRh2,0
6328,Li2MnNi3O8.166,0
6329,K3Fe2S4,0
6330,Mn2OF3,0
6331,GdSb,0
6332,Gd3S4,0
6333,In3Bi7(Pb2S9)2.11,0
6334,LiInAg2,0
6335,Lu2FeS4,0
6336,Li2PrIn,0
6337,KAg2,0
6338,CuIr2S4,0
6339,BaAs2Rh2,0
6340,EuCaO2,0
6341,NdAs2Pd2,0
6342,Bi2P3O12,0
6343,SrCe2Se4,0
6344,TlZn2Tc,0
6345,Sc14Cu14O37,0
6346,Co2Ge,0
6347,Li3Fe(SbO3)4.1,0
6348,ZrIr2,0
6349,ScCoO3,0
6350,Tm2MgTl,0
6351,Nb5Ga4,0
6352,Tb2Sb5,0
6353,Lu2AlTc,0
6354,CeZnPO.166,0
